record_kind,record_id,fit_order,configuration_order,fit_id,method_id,model,requested_feature_budget,realized_support,status,reason,natural_support_like_for_like,prediction_rows,prediction_alignment_authenticated,metric_recalculation_authenticated,fit_seconds,preprocessing_seconds,training_seconds,prediction_seconds,metric_seconds,total_seconds,manifest_sha256,artifact_path
selection_fit,fit_001,1,,fit_001,full_features,,,1959.0,complete,,,,,,0.10867169999983162,,,,,0.10867169999983162,cedd0dc658d2bec34f471d0ed69fd34fcd1ba48bee947caf07eb591891382561,results/prompt_16_homecredit_model_stability_2024/pilot_v1/fold_1/selection_fits/fit_001
selection_fit,fit_002,2,,fit_002,full_features,,,1959.0,complete,,,,,,0.10898320004343987,,,,,0.10898320004343987,ed3aebd742fab54984225f89dd22822127fb7c08d50d79c12d97d4fbf7fae9c9,results/prompt_16_homecredit_model_stability_2024/pilot_v1/fold_1/selection_fits/fit_002
selection_fit,fit_003,3,,fit_003,random_k,,20.0,20.0,complete,,,,,,0.048300999915227294,,,,,0.048300999915227294,cdd38093d3ff7013112408ca654a4867b9f0275aa2ec5925c09f3cec281f2748,results/prompt_16_homecredit_model_stability_2024/pilot_v1/fold_1/selection_fits/fit_003
selection_fit,fit_004,4,,fit_004,random_k,,40.0,40.0,complete,,,,,,0.050774899893440306,,,,,0.050774899893440306,686d77fd0a26c6b773fe687f64906a0dddc7bfc43bff79183e07c5087ea8ad00,results/prompt_16_homecredit_model_stability_2024/pilot_v1/fold_1/selection_fits/fit_004
selection_fit,fit_005,5,,fit_005,iv_woe,,20.0,20.0,complete,,,,,,174.12094179994892,,,,,174.12094179994892,6683e3f88f26b6f2c56bc75ec6b5dfa2d66622036aca4220b4c8a67b6c6e47e3,results/prompt_16_homecredit_model_stability_2024/pilot_v1/fold_1/selection_fits/fit_005
selection_fit,fit_006,6,,fit_006,iv_woe,,40.0,40.0,complete,,,,,,174.3910390000092,,,,,174.3910390000092,27a8cd9f1419376ceb15c33527a738c7bf1565d6d483409d8ee4c8afe99df6a6,results/prompt_16_homecredit_model_stability_2024/pilot_v1/fold_1/selection_fits/fit_006
selection_fit,fit_007,7,,fit_007,mrmr_mutual_information,,20.0,20.0,complete,,,,,,393.8718225999037,,,,,393.8718225999037,ba2e13b22062505c1abf6e106cca23c51f6250d19765c75a2fd173c8747dc96d,results/prompt_16_homecredit_model_stability_2024/pilot_v1/fold_1/selection_fits/fit_007
selection_fit,fit_008,8,,fit_008,mrmr_mutual_information,,40.0,40.0,complete,,,,,,752.4270077999681,,,,,752.4270077999681,b609effa609af933751803fd62f919c80456231fab33b8f4dce0212edf2a70e5,results/prompt_16_homecredit_model_stability_2024/pilot_v1/fold_1/selection_fits/fit_008
selection_fit,fit_009,9,,fit_009,lasso_l1_logistic,,20.0,20.0,complete,,,,,,304.79869109997526,,,,,304.79869109997526,13d68f216ad8ab51c4ad64fd82cade360991bec10e28dc8a6a524a500cb85741,results/prompt_16_homecredit_model_stability_2024/pilot_v1/fold_1/selection_fits/fit_009
selection_fit,fit_010,10,,fit_010,lasso_l1_logistic,,40.0,40.0,complete,,,,,,297.78334980004,,,,,297.78334980004,3580bc78bed1f8e3759dd58108ae0dc71d1be997865c29b0197bf14801967bfa,results/prompt_16_homecredit_model_stability_2024/pilot_v1/fold_1/selection_fits/fit_010
selection_fit,fit_011,11,,fit_011,legacy_rf_relevance_corr,,20.0,20.0,complete,,,,,,992.1024232000345,,,,,992.1024232000345,f2e6b4a74bad6b7ba686c7fca3cabceb5768cc7b489bb27881d00928f31dd433,results/prompt_16_homecredit_model_stability_2024/pilot_v1/fold_1/selection_fits/fit_011
selection_fit,fit_012,12,,fit_012,legacy_rf_relevance_corr,,40.0,40.0,complete,,,,,,982.1443897999125,,,,,982.1443897999125,bbcd2bffe386e4834eac923f02e30f6fdd5d182ebe7799a973100f1475c15814,results/prompt_16_homecredit_model_stability_2024/pilot_v1/fold_1/selection_fits/fit_012
selection_fit,fit_013,13,,fit_013,catboost_shap,,20.0,20.0,complete,,,,,,127.96942430001218,,,,,127.96942430001218,16b7dcbcde3dec6c5d26a2294d1a910ef40bd0a0095aec6affe0e496e01a7cd4,results/prompt_16_homecredit_model_stability_2024/pilot_v1/fold_1/selection_fits/fit_013
selection_fit,fit_014,14,,fit_014,catboost_shap,,40.0,40.0,complete,,,,,,129.01151290000416,,,,,129.01151290000416,ca75c138a1b687e26fcfac6c4fb493b6b2143a784f3b041b02116c0b9494da97,results/prompt_16_homecredit_model_stability_2024/pilot_v1/fold_1/selection_fits/fit_014
selection_fit,fit_015,15,,fit_015,boruta_random_forest,,20.0,20.0,complete,,,,,,1297.1078036000254,,,,,1297.1078036000254,124ab4d39185a1390a15ee5bd779d2864f2df1e315711c1f38b25781507a4179,results/prompt_16_homecredit_model_stability_2024/pilot_v1/fold_1/selection_fits/fit_015
selection_fit,fit_016,16,,fit_016,boruta_random_forest,,40.0,40.0,complete,,,,,,1300.0481492999243,,,,,1300.0481492999243,a47e1b937c5e610d416602eed2f47d506f1e9aac1be5211a750a3127fbdc6828,results/prompt_16_homecredit_model_stability_2024/pilot_v1/fold_1/selection_fits/fit_016
selection_fit,fit_017,17,,fit_017,rfe_catboost,,20.0,20.0,complete,,,,,,858.702283999999,,,,,858.702283999999,fbf3e8ea168c87df0920156f0a50cf542128f7815b4f55511da1429602c7bdbb,results/prompt_16_homecredit_model_stability_2024/pilot_v1/fold_1/selection_fits/fit_017
selection_fit,fit_018,18,,fit_018,rfe_catboost,,40.0,40.0,complete,,,,,,841.6407862999476,,,,,841.6407862999476,53baea7413af800390ea91bbb4a116d558581eb8ccdc7e4c702205c473d7acbd,results/prompt_16_homecredit_model_stability_2024/pilot_v1/fold_1/selection_fits/fit_018
selection_fit,fit_019,19,,fit_019,statistical_normalized_average_rank,,20.0,20.0,complete,,,,,,3380.2491508999374,,,,,3380.2491508999374,4ceaa3030dfde8571a0872a131963b2188cd8ad1c5677b0e563d1f8d44d052ad,results/prompt_16_homecredit_model_stability_2024/pilot_v1/fold_1/selection_fits/fit_019
selection_fit,fit_020,20,,fit_020,statistical_normalized_average_rank,,40.0,40.0,complete,,,,,,3655.594905700069,,,,,3655.594905700069,76cf235e048fb194fdc375d1a0e2c982bac35a68064fa0690d6989b85ecc7bdc,results/prompt_16_homecredit_model_stability_2024/pilot_v1/fold_1/selection_fits/fit_020
selection_fit,fit_021,21,,fit_021,iv_then_boruta,,,56.0,complete,,,,,,443.7621779999463,,,,,443.7621779999463,e7f98be73233bd73dad447d6bbd257e8004bcbff4d0690fbd6dcaba99884ceb8,results/prompt_16_homecredit_model_stability_2024/pilot_v1/fold_1/selection_fits/fit_021
selection_fit,fit_022,22,,fit_022,iv_then_boruta,,,69.0,complete,,,,,,624.3900875999825,,,,,624.3900875999825,23e6e89f4cf0e34807d3ceae8092c954286f33bc8462c4a88fcd8f083df3f453,results/prompt_16_homecredit_model_stability_2024/pilot_v1/fold_1/selection_fits/fit_022
selection_fit,fit_023,23,,fit_023,iv_then_boruta,,,84.0,complete,,,,,,786.1723028999986,,,,,786.1723028999986,ce79fd750dd382fe5bfa3d68f30503b32f3142c2ce41957a82bb29621827fb20,results/prompt_16_homecredit_model_stability_2024/pilot_v1/fold_1/selection_fits/fit_023
selection_fit,fit_024,24,,fit_024,boruta_then_mrmr_mutual_information,,20.0,20.0,complete,,,,,,1883.1699599999702,,,,,1883.1699599999702,d6f5d5ccfd613edbd77c656ec8eb34ae0d96ccf0f9874735ebbc2f1d3442dd40,results/prompt_16_homecredit_model_stability_2024/pilot_v1/fold_1/selection_fits/fit_024
selection_fit,fit_025,25,,fit_025,boruta_then_mrmr_mutual_information,,40.0,40.0,complete,,,,,,2045.6310649000807,,,,,2045.6310649000807,2eb04430ddff69ed225dee0e559357c9f2ba3d63f0b98cbc7891141e33f809e4,results/prompt_16_homecredit_model_stability_2024/pilot_v1/fold_1/selection_fits/fit_025
selection_fit,fit_026,26,,fit_026,boruta_then_rfe_catboost,,20.0,20.0,complete,,,,,,1931.0254977000877,,,,,1931.0254977000877,b617f5a1435a2ad4316a3aac205466edcf7e0e6cb426c937ac6482632722e3a8,results/prompt_16_homecredit_model_stability_2024/pilot_v1/fold_1/selection_fits/fit_026
selection_fit,fit_027,27,,fit_027,boruta_then_rfe_catboost,,40.0,40.0,complete,,,,,,1878.6699627999915,,,,,1878.6699627999915,5484bb45dad63fde2583f8fb2646189c488b249f2e79caf8dea570ab674dd2c5,results/prompt_16_homecredit_model_stability_2024/pilot_v1/fold_1/selection_fits/fit_027
evaluation,cell_001,1,1.0,fit_001,full_features,lr,,,unavailable,resource_infeasible,,,False,False,,,,,,,9b2fbfd1b08e02f22e25e7f76d2769f517a4489b8d2bc5b66715bfa4021e1342,results/prompt_16_homecredit_model_stability_2024/pilot_v1/fold_1/evaluations/cell_001
evaluation,cell_002,2,2.0,fit_002,full_features,catboost,,,unavailable,resource_infeasible,,,False,False,,,,,,,3638b8e4f38f9c69777f4df85160de450f79edaddaa3c401dc7b7cddc7a54496,results/prompt_16_homecredit_model_stability_2024/pilot_v1/fold_1/evaluations/cell_002
evaluation,cell_003,3,3.0,fit_003,random_k,lr,20.0,20.0,complete,,True,204567.0,True,True,,3.3014031999045983,4.581555899931118,1.4882921000244096,0.16303299996070564,9.539246100001037,d1208f827c6df31b1038f0f9d1aff339999091e795847a84bf19e71827c1c27d,results/prompt_16_homecredit_model_stability_2024/pilot_v1/fold_1/evaluations/cell_003
evaluation,cell_004,4,4.0,fit_004,random_k,catboost,40.0,40.0,complete,,True,204567.0,True,True,,3.580040300032124,63.03145070001483,1.696023599943146,0.1669046999886632,70.07072090008296,05a092e45fdff98eccfe059a1f0244309878d12f385919d5c4c8d486de4021e7,results/prompt_16_homecredit_model_stability_2024/pilot_v1/fold_1/evaluations/cell_004
evaluation,cell_005,5,5.0,fit_005,iv_woe,lr,20.0,20.0,complete,,True,204567.0,True,True,,0.33882049995008856,1.7842272999696434,0.07583440002053976,0.15851320000365376,2.357550699962303,07811fe73ff908ea69e95219b48e4c434f8c902d17b4b63cacb47b0ed123cdc0,results/prompt_16_homecredit_model_stability_2024/pilot_v1/fold_1/evaluations/cell_005
evaluation,cell_006,6,6.0,fit_006,iv_woe,catboost,40.0,40.0,complete,,True,204567.0,True,True,,1.414956200052984,78.20675839995965,1.0669757999712601,0.17470550001598895,80.86375540005974,588ab350657389f066503c175148c502e9b0f9a4df5d0b11da45a0ac23619102,results/prompt_16_homecredit_model_stability_2024/pilot_v1/fold_1/evaluations/cell_006
evaluation,cell_007,7,7.0,fit_007,mrmr_mutual_information,lr,20.0,20.0,complete,,True,204567.0,True,True,,0.6587219999637455,4.067571499967016,0.11048689996823668,0.15052729996386915,4.987450600019656,90207b05a81d1da510dd7da098d1b155394bd72b31d5705d7a59bf9b83da796d,results/prompt_16_homecredit_model_stability_2024/pilot_v1/fold_1/evaluations/cell_007
evaluation,cell_008,8,8.0,fit_008,mrmr_mutual_information,catboost,40.0,40.0,complete,,True,204567.0,True,True,,1.495777300093323,68.39491039991844,1.0129122000653297,0.16253799991682172,71.06636039994191,d435f13cf763abe5f2f2f65cab83e3f51190938c85139910819e09f2db4aad0c,results/prompt_16_homecredit_model_stability_2024/pilot_v1/fold_1/evaluations/cell_008
evaluation,cell_009,9,9.0,fit_009,lasso_l1_logistic,lr,20.0,20.0,complete,,True,204567.0,True,True,,1.1213073999388143,3.262672599987127,0.3473274999996647,0.17315049993339926,4.904628899996169,32e5d42ba9adeecbad8427f953d710861d1af27a1e94a49f2c78a43cd15d88f3,results/prompt_16_homecredit_model_stability_2024/pilot_v1/fold_1/evaluations/cell_009
evaluation,cell_010,10,10.0,fit_010,lasso_l1_logistic,catboost,40.0,40.0,complete,,True,204567.0,True,True,,1.7711156000150368,71.66903099999763,1.1349807999795303,0.16532430006191134,74.7407164000906,06d5666fefbe05082e8551cf5bce2d55333cf0d4c6a923b990c23755e62e7b3e,results/prompt_16_homecredit_model_stability_2024/pilot_v1/fold_1/evaluations/cell_010
evaluation,cell_011,11,11.0,fit_011,legacy_rf_relevance_corr,lr,20.0,20.0,complete,,True,204567.0,True,True,,0.21348979999311268,0.47499330004211515,0.06633069994859397,0.17034230008721352,0.9253088999539614,8acafc3644349074eab0013400d6204cf92525eef4dd0f8af598ac07ccd5a180,results/prompt_16_homecredit_model_stability_2024/pilot_v1/fold_1/evaluations/cell_011
evaluation,cell_012,12,12.0,fit_012,legacy_rf_relevance_corr,catboost,40.0,40.0,complete,,True,204567.0,True,True,,0.5771655000280589,79.96106630004942,1.0552904999349266,0.16758650005795062,81.76134399999864,6f360b4786c98de66d8d798144dc6b9244aa095134d6c056dc9e01813f470d1b,results/prompt_16_homecredit_model_stability_2024/pilot_v1/fold_1/evaluations/cell_012
evaluation,cell_013,13,13.0,fit_013,catboost_shap,lr,20.0,20.0,complete,,True,204567.0,True,True,,1.0523445999715477,2.13050500000827,0.10490369994658977,0.17149599990807474,3.4594245000043884,ac21178a1fadb9d45e4cd3d36824f107bf9dcc1ade58c9e95a3f9226fb70ee1e,results/prompt_16_homecredit_model_stability_2024/pilot_v1/fold_1/evaluations/cell_013
evaluation,cell_014,14,14.0,fit_014,catboost_shap,catboost,40.0,40.0,complete,,True,204567.0,True,True,,1.768924800097011,109.8245534999296,1.0624842999968678,0.16970900003798306,112.82593479997013,7cd7633e966396cb24efaf53fb226f606c070f599573b8db507546626ff16734,results/prompt_16_homecredit_model_stability_2024/pilot_v1/fold_1/evaluations/cell_014
evaluation,cell_015,15,15.0,fit_015,boruta_random_forest,lr,20.0,20.0,complete,,True,204567.0,True,True,,0.5884786000242457,2.939667999977246,0.12353099999018013,0.15719900000840425,3.8090354000451043,b769ab6cb5bf468bdbe01ac9c8e2041b3db4d507608e4985a5c37cbaa84c450c,results/prompt_16_homecredit_model_stability_2024/pilot_v1/fold_1/evaluations/cell_015
evaluation,cell_016,16,16.0,fit_016,boruta_random_forest,catboost,40.0,40.0,complete,,True,204567.0,True,True,,1.2366483000805601,127.03570829995442,1.0723503000335768,0.1730464999563992,129.5180049999617,f843c6b410993438b75559d11a75d666d1c91fafd458a172ea925dfb49c07c44,results/prompt_16_homecredit_model_stability_2024/pilot_v1/fold_1/evaluations/cell_016
evaluation,cell_017,17,17.0,fit_017,rfe_catboost,lr,20.0,20.0,complete,,True,204567.0,True,True,,0.35972209996543825,0.6413811999373138,0.07915030000731349,0.18155280000064522,1.261992200044915,166dee925453b8ffdaae4ff77cd6b62cb9360d1737aa7c3f3c304aca46726f24,results/prompt_16_homecredit_model_stability_2024/pilot_v1/fold_1/evaluations/cell_017
evaluation,cell_018,18,18.0,fit_018,rfe_catboost,catboost,40.0,40.0,complete,,True,204567.0,True,True,,1.5261590000009164,130.01678089995403,1.0540416999720037,0.1737233999883756,132.77104639995378,6a4ffb95b8075bed5fb4bc44f622ce9d89c20826920cdf692d7b1bff1c83a5a1,results/prompt_16_homecredit_model_stability_2024/pilot_v1/fold_1/evaluations/cell_018
evaluation,cell_019,19,19.0,fit_019,statistical_normalized_average_rank,lr,20.0,20.0,complete,,True,204567.0,True,True,,0.33242920006159693,0.6236508999718353,0.07708960003219545,0.1831836000783369,1.2165332000004128,c17288f377e665617a72941dfa2bd5c61ddec35c8dfa96bf50cffa11f779325b,results/prompt_16_homecredit_model_stability_2024/pilot_v1/fold_1/evaluations/cell_019
evaluation,cell_020,20,20.0,fit_020,statistical_normalized_average_rank,catboost,40.0,40.0,complete,,True,204567.0,True,True,,1.0032781000481918,143.2527562000323,1.0657523999689147,0.17952500004321337,145.501664099982,3efd8e573d1dcd43ecf3e1785eca83b95ed21549a0d7bd0b0b900dab4d97d806,results/prompt_16_homecredit_model_stability_2024/pilot_v1/fold_1/evaluations/cell_020
evaluation,cell_021,21,21.0,fit_021,iv_then_boruta,lr,,56.0,complete,,True,204567.0,True,True,,1.1716829999350011,17.850910699926317,0.2297400999814272,0.17184169997926801,19.424362699966878,a69e14db95e569fd9e72b581b96ed2dfe75383bfb409fef7cd6dd43e75781933,results/prompt_16_homecredit_model_stability_2024/pilot_v1/fold_1/evaluations/cell_021
evaluation,cell_022,21,22.0,fit_021,iv_then_boruta,catboost,,56.0,complete,,True,204567.0,True,True,,1.182053199969232,185.33683669997845,1.0921037000371143,0.16864559997338802,187.779908800032,a8b222b79cab880afd641d7f47980843c2c2382313f4de6ba57b1dcb70f75b9d,results/prompt_16_homecredit_model_stability_2024/pilot_v1/fold_1/evaluations/cell_022
evaluation,cell_023,22,23.0,fit_022,iv_then_boruta,lr,,69.0,complete,,True,204567.0,True,True,,1.334250400075689,51.49515720002819,0.25012470001820475,0.17319680005311966,53.25288579997141,cd2a4fdc4765ca3c0a09f20674bef1f1615c2fa470ad944ae9d9c0228716edac,results/prompt_16_homecredit_model_stability_2024/pilot_v1/fold_1/evaluations/cell_023
evaluation,cell_024,22,24.0,fit_022,iv_then_boruta,catboost,,69.0,complete,,True,204567.0,True,True,,1.3592028999701142,210.22034850006457,1.0979036999633536,0.1791602000594139,212.8568734000437,d2db64a324a592654fbc43d82ae23f87f514409c3d19a254bc64543e3873ba7e,results/prompt_16_homecredit_model_stability_2024/pilot_v1/fold_1/evaluations/cell_024
evaluation,cell_025,23,25.0,fit_023,iv_then_boruta,lr,,84.0,complete,,True,204567.0,True,True,,1.9051003999775276,77.4249562000623,0.3269764999859035,0.1744850999675691,79.8316724000033,df825822681f97b452e05146326af807dc87785db5e082f60d09125919e41ab8,results/prompt_16_homecredit_model_stability_2024/pilot_v1/fold_1/evaluations/cell_025
evaluation,cell_026,23,26.0,fit_023,iv_then_boruta,catboost,,84.0,complete,,True,204567.0,True,True,,1.8788844000082463,237.6383834000444,1.1167650999268517,0.17062989994883537,240.80490539991297,3caafdc8fcfd3aa698d48cfd3b898bd730ac5af7870f4cd054715919ce6b8cce,results/prompt_16_homecredit_model_stability_2024/pilot_v1/fold_1/evaluations/cell_026
evaluation,cell_027,24,27.0,fit_024,boruta_then_mrmr_mutual_information,lr,20.0,20.0,complete,,True,204567.0,True,True,,0.41583269997499883,2.61830239999108,0.111379100009799,0.18830380006693304,3.3340026000514627,67bcb2a26a0a4b6a2cbdf04ef9247ce4702a1d3fe2aedeec7857546b606fee28,results/prompt_16_homecredit_model_stability_2024/pilot_v1/fold_1/evaluations/cell_027
evaluation,cell_028,25,28.0,fit_025,boruta_then_mrmr_mutual_information,catboost,40.0,40.0,complete,,True,204567.0,True,True,,0.7932462999597192,120.02949919993989,1.043505800073035,0.1659842999652028,122.03247229999397,159d687029fa31fc1dad65416031335b22fa60f6b33a2f974920c95eaf06f62a,results/prompt_16_homecredit_model_stability_2024/pilot_v1/fold_1/evaluations/cell_028
evaluation,cell_029,26,29.0,fit_026,boruta_then_rfe_catboost,lr,20.0,20.0,complete,,True,204567.0,True,True,,0.21459639992099255,0.40928849996998906,0.06494449998717755,0.1734221000224352,0.8624078999273479,7d3ede78c9dd721d276807ea1c461beedd68a58f2ecae7997b30f640faf1e135,results/prompt_16_homecredit_model_stability_2024/pilot_v1/fold_1/evaluations/cell_029
evaluation,cell_030,27,30.0,fit_027,boruta_then_rfe_catboost,catboost,40.0,40.0,complete,,True,204567.0,True,True,,0.9774995999177918,126.23150130000431,1.066237400053069,0.16946620005182922,128.44498020003084,1d329420999e89409c46396429bd9786aeda205f3483cb334971a1714fee85fe,results/prompt_16_homecredit_model_stability_2024/pilot_v1/fold_1/evaluations/cell_030
