run_id,dataset,model,method_id,split,metric,stored_value,recomputed_value,absolute_difference,tolerance,status
fbv1-001-homecredit-lr-full-features-s42,homecredit,lr,full_features,dev,auc,0.7874334424648313,0.7874334424648313,0.0,1e-12,pass
fbv1-001-homecredit-lr-full-features-s42,homecredit,lr,full_features,dev,gini,0.5748668849296625,0.5748668849296625,0.0,1e-12,pass
fbv1-001-homecredit-lr-full-features-s42,homecredit,lr,full_features,dev,ks,0.4329146392769149,0.43291463927691504,1.1102230246251565e-16,1e-12,pass
fbv1-001-homecredit-lr-full-features-s42,homecredit,lr,full_features,dev,log_loss,0.5614849946910244,0.5614849946910244,0.0,1e-12,pass
fbv1-001-homecredit-lr-full-features-s42,homecredit,lr,full_features,dev,brier,0.189894246500922,0.18989424650092204,5.551115123125783e-17,1e-12,pass
fbv1-001-homecredit-lr-full-features-s42,homecredit,lr,full_features,oot,auc,0.7714957527511155,0.7714957527511155,0.0,1e-12,pass
fbv1-001-homecredit-lr-full-features-s42,homecredit,lr,full_features,oot,gini,0.542991505502231,0.542991505502231,0.0,1e-12,pass
fbv1-001-homecredit-lr-full-features-s42,homecredit,lr,full_features,oot,ks,0.4135745986767379,0.41357459867673785,5.551115123125783e-17,1e-12,pass
fbv1-001-homecredit-lr-full-features-s42,homecredit,lr,full_features,oot,log_loss,0.6047059413656336,0.6047059413656336,0.0,1e-12,pass
fbv1-001-homecredit-lr-full-features-s42,homecredit,lr,full_features,oot,brier,0.2033006614785918,0.20330066147859185,5.551115123125783e-17,1e-12,pass
fbv1-001-homecredit-lr-full-features-s42,homecredit,lr,full_features,oot,lift_at_10,3.3811651278901467,3.3811651278901467,0.0,1e-12,pass
fbv1-002-homecredit-catboost-full-features-s42,homecredit,catboost,full_features,dev,auc,0.965952432364006,0.9659524323640061,1.1102230246251565e-16,1e-12,pass
fbv1-002-homecredit-catboost-full-features-s42,homecredit,catboost,full_features,dev,gini,0.9319048647280122,0.9319048647280122,0.0,1e-12,pass
fbv1-002-homecredit-catboost-full-features-s42,homecredit,catboost,full_features,dev,ks,0.8187024765003291,0.8187024765003291,0.0,1e-12,pass
fbv1-002-homecredit-catboost-full-features-s42,homecredit,catboost,full_features,dev,log_loss,0.3519096431398149,0.3519096431398149,0.0,1e-12,pass
fbv1-002-homecredit-catboost-full-features-s42,homecredit,catboost,full_features,dev,brier,0.104036617486177,0.104036617486177,0.0,1e-12,pass
fbv1-002-homecredit-catboost-full-features-s42,homecredit,catboost,full_features,oot,auc,0.7860320086407899,0.7860320086407899,0.0,1e-12,pass
fbv1-002-homecredit-catboost-full-features-s42,homecredit,catboost,full_features,oot,gini,0.5720640172815799,0.5720640172815799,0.0,1e-12,pass
fbv1-002-homecredit-catboost-full-features-s42,homecredit,catboost,full_features,oot,ks,0.4342309192477752,0.43423091924777524,5.551115123125783e-17,1e-12,pass
fbv1-002-homecredit-catboost-full-features-s42,homecredit,catboost,full_features,oot,log_loss,0.431142271188188,0.431142271188188,0.0,1e-12,pass
fbv1-002-homecredit-catboost-full-features-s42,homecredit,catboost,full_features,oot,brier,0.1373412818397661,0.1373412818397661,0.0,1e-12,pass
fbv1-002-homecredit-catboost-full-features-s42,homecredit,catboost,full_features,oot,lift_at_10,3.625349991857864,3.6253499918578638,4.440892098500626e-16,1e-12,pass
fbv1-003-lendingclub_v2-lr-full-features-s42,lendingclub_v2,lr,full_features,dev,auc,0.7336375913097939,0.7336375913097939,0.0,1e-12,pass
fbv1-003-lendingclub_v2-lr-full-features-s42,lendingclub_v2,lr,full_features,dev,gini,0.4672751826195878,0.4672751826195878,0.0,1e-12,pass
fbv1-003-lendingclub_v2-lr-full-features-s42,lendingclub_v2,lr,full_features,dev,ks,0.3394033777590314,0.33940337775903134,5.551115123125783e-17,1e-12,pass
fbv1-003-lendingclub_v2-lr-full-features-s42,lendingclub_v2,lr,full_features,dev,log_loss,0.6051089223432691,0.6051089223432691,0.0,1e-12,pass
fbv1-003-lendingclub_v2-lr-full-features-s42,lendingclub_v2,lr,full_features,dev,brier,0.2089867112780274,0.20898671127802745,5.551115123125783e-17,1e-12,pass
fbv1-003-lendingclub_v2-lr-full-features-s42,lendingclub_v2,lr,full_features,oot,auc,0.7108872585675469,0.7108872585675469,0.0,1e-12,pass
fbv1-003-lendingclub_v2-lr-full-features-s42,lendingclub_v2,lr,full_features,oot,gini,0.4217745171350937,0.42177451713509373,5.551115123125783e-17,1e-12,pass
fbv1-003-lendingclub_v2-lr-full-features-s42,lendingclub_v2,lr,full_features,oot,ks,0.3033897914347885,0.3033897914347885,0.0,1e-12,pass
fbv1-003-lendingclub_v2-lr-full-features-s42,lendingclub_v2,lr,full_features,oot,log_loss,0.6192845222304069,0.6192845222304069,0.0,1e-12,pass
fbv1-003-lendingclub_v2-lr-full-features-s42,lendingclub_v2,lr,full_features,oot,brier,0.2147264309621842,0.21472643096218424,5.551115123125783e-17,1e-12,pass
fbv1-003-lendingclub_v2-lr-full-features-s42,lendingclub_v2,lr,full_features,oot,lift_at_10,2.208835320126157,2.208835320126157,0.0,1e-12,pass
fbv1-004-lendingclub_v2-catboost-full-features-s42,lendingclub_v2,catboost,full_features,dev,auc,0.8024122784518786,0.8024122784518786,0.0,1e-12,pass
fbv1-004-lendingclub_v2-catboost-full-features-s42,lendingclub_v2,catboost,full_features,dev,gini,0.6048245569037571,0.6048245569037571,0.0,1e-12,pass
fbv1-004-lendingclub_v2-catboost-full-features-s42,lendingclub_v2,catboost,full_features,dev,ks,0.4554253940884628,0.4554253940884628,0.0,1e-12,pass
fbv1-004-lendingclub_v2-catboost-full-features-s42,lendingclub_v2,catboost,full_features,dev,log_loss,0.5524841055806113,0.5524841055806113,0.0,1e-12,pass
fbv1-004-lendingclub_v2-catboost-full-features-s42,lendingclub_v2,catboost,full_features,dev,brier,0.1862536681304043,0.18625366813040434,2.7755575615628914e-17,1e-12,pass
fbv1-004-lendingclub_v2-catboost-full-features-s42,lendingclub_v2,catboost,full_features,oot,auc,0.7229733440369057,0.7229733440369057,0.0,1e-12,pass
fbv1-004-lendingclub_v2-catboost-full-features-s42,lendingclub_v2,catboost,full_features,oot,gini,0.4459466880738114,0.44594668807381144,5.551115123125783e-17,1e-12,pass
fbv1-004-lendingclub_v2-catboost-full-features-s42,lendingclub_v2,catboost,full_features,oot,ks,0.3202729629236113,0.32027296292361135,5.551115123125783e-17,1e-12,pass
fbv1-004-lendingclub_v2-catboost-full-features-s42,lendingclub_v2,catboost,full_features,oot,log_loss,0.5882500688072909,0.5882500688072909,0.0,1e-12,pass
fbv1-004-lendingclub_v2-catboost-full-features-s42,lendingclub_v2,catboost,full_features,oot,brier,0.2020377608789456,0.20203776087894562,2.7755575615628914e-17,1e-12,pass
fbv1-004-lendingclub_v2-catboost-full-features-s42,lendingclub_v2,catboost,full_features,oot,lift_at_10,2.2867804242855567,2.2867804242855567,0.0,1e-12,pass
fbv1-005-homecredit-lr-random-k-s42,homecredit,lr,random_k,dev,auc,0.6209968803534988,0.6209968803534988,0.0,1e-12,pass
fbv1-005-homecredit-lr-random-k-s42,homecredit,lr,random_k,dev,gini,0.2419937607069975,0.24199376070699752,2.7755575615628914e-17,1e-12,pass
fbv1-005-homecredit-lr-random-k-s42,homecredit,lr,random_k,dev,ks,0.1759133530554213,0.17591335305542133,2.7755575615628914e-17,1e-12,pass
fbv1-005-homecredit-lr-random-k-s42,homecredit,lr,random_k,dev,log_loss,0.6702955789774717,0.6702955789774717,0.0,1e-12,pass
fbv1-005-homecredit-lr-random-k-s42,homecredit,lr,random_k,dev,brier,0.2388229357633595,0.23882293576335956,5.551115123125783e-17,1e-12,pass
fbv1-005-homecredit-lr-random-k-s42,homecredit,lr,random_k,oot,auc,0.6278237662995227,0.6278237662995227,0.0,1e-12,pass
fbv1-005-homecredit-lr-random-k-s42,homecredit,lr,random_k,oot,gini,0.2556475325990455,0.2556475325990455,0.0,1e-12,pass
fbv1-005-homecredit-lr-random-k-s42,homecredit,lr,random_k,oot,ks,0.1882023944156673,0.18820239441566738,8.326672684688674e-17,1e-12,pass
fbv1-005-homecredit-lr-random-k-s42,homecredit,lr,random_k,oot,log_loss,0.6559455405756864,0.6559455405756864,0.0,1e-12,pass
fbv1-005-homecredit-lr-random-k-s42,homecredit,lr,random_k,oot,brier,0.2317703002812171,0.23177030028121715,5.551115123125783e-17,1e-12,pass
fbv1-005-homecredit-lr-random-k-s42,homecredit,lr,random_k,oot,lift_at_10,1.8617926409799093,1.8617926409799093,0.0,1e-12,pass
fbv1-006-homecredit-catboost-random-k-s42,homecredit,catboost,random_k,dev,auc,0.90168509337837,0.90168509337837,0.0,1e-12,pass
fbv1-006-homecredit-catboost-random-k-s42,homecredit,catboost,random_k,dev,gini,0.80337018675674,0.80337018675674,0.0,1e-12,pass
fbv1-006-homecredit-catboost-random-k-s42,homecredit,catboost,random_k,dev,ks,0.6531247796243478,0.6531247796243478,0.0,1e-12,pass
fbv1-006-homecredit-catboost-random-k-s42,homecredit,catboost,random_k,dev,log_loss,0.4914919654523502,0.4914919654523502,0.0,1e-12,pass
fbv1-006-homecredit-catboost-random-k-s42,homecredit,catboost,random_k,dev,brier,0.1580499861623785,0.1580499861623785,0.0,1e-12,pass
fbv1-006-homecredit-catboost-random-k-s42,homecredit,catboost,random_k,oot,auc,0.685393258196267,0.685393258196267,0.0,1e-12,pass
fbv1-006-homecredit-catboost-random-k-s42,homecredit,catboost,random_k,oot,gini,0.3707865163925339,0.3707865163925339,0.0,1e-12,pass
fbv1-006-homecredit-catboost-random-k-s42,homecredit,catboost,random_k,oot,ks,0.2750769711092149,0.27507697110921486,5.551115123125783e-17,1e-12,pass
fbv1-006-homecredit-catboost-random-k-s42,homecredit,catboost,random_k,oot,log_loss,0.5288228891942953,0.5288228891942953,0.0,1e-12,pass
fbv1-006-homecredit-catboost-random-k-s42,homecredit,catboost,random_k,oot,brier,0.1749659193737786,0.17496591937377867,8.326672684688674e-17,1e-12,pass
fbv1-006-homecredit-catboost-random-k-s42,homecredit,catboost,random_k,oot,lift_at_10,2.503596536312682,2.503596536312682,0.0,1e-12,pass
fbv1-007-lendingclub_v2-lr-random-k-s42,lendingclub_v2,lr,random_k,dev,auc,0.5930256615539302,0.5930256615539302,0.0,1e-12,pass
fbv1-007-lendingclub_v2-lr-random-k-s42,lendingclub_v2,lr,random_k,dev,gini,0.1860513231078604,0.18605132310786043,2.7755575615628914e-17,1e-12,pass
fbv1-007-lendingclub_v2-lr-random-k-s42,lendingclub_v2,lr,random_k,dev,ks,0.1359556964827873,0.13595569648278744,1.3877787807814457e-16,1e-12,pass
fbv1-007-lendingclub_v2-lr-random-k-s42,lendingclub_v2,lr,random_k,dev,log_loss,0.6807216130875895,0.6807216130875895,0.0,1e-12,pass
fbv1-007-lendingclub_v2-lr-random-k-s42,lendingclub_v2,lr,random_k,dev,brier,0.2437233186693455,0.24372331866934555,5.551115123125783e-17,1e-12,pass
fbv1-007-lendingclub_v2-lr-random-k-s42,lendingclub_v2,lr,random_k,oot,auc,0.6038217755404582,0.6038217755404582,0.0,1e-12,pass
fbv1-007-lendingclub_v2-lr-random-k-s42,lendingclub_v2,lr,random_k,oot,gini,0.2076435510809164,0.20764355108091648,8.326672684688674e-17,1e-12,pass
fbv1-007-lendingclub_v2-lr-random-k-s42,lendingclub_v2,lr,random_k,oot,ks,0.1497841800822618,0.14978418008226174,5.551115123125783e-17,1e-12,pass
fbv1-007-lendingclub_v2-lr-random-k-s42,lendingclub_v2,lr,random_k,oot,log_loss,0.6909098454794408,0.6909098454794408,0.0,1e-12,pass
fbv1-007-lendingclub_v2-lr-random-k-s42,lendingclub_v2,lr,random_k,oot,brier,0.2485285746538763,0.24852857465387634,5.551115123125783e-17,1e-12,pass
fbv1-007-lendingclub_v2-lr-random-k-s42,lendingclub_v2,lr,random_k,oot,lift_at_10,1.4604451095129698,1.4604451095129698,0.0,1e-12,pass
fbv1-008-lendingclub_v2-catboost-random-k-s42,lendingclub_v2,catboost,random_k,dev,auc,0.7390756731392498,0.7390756731392498,0.0,1e-12,pass
fbv1-008-lendingclub_v2-catboost-random-k-s42,lendingclub_v2,catboost,random_k,dev,gini,0.4781513462784996,0.47815134627849964,5.551115123125783e-17,1e-12,pass
fbv1-008-lendingclub_v2-catboost-random-k-s42,lendingclub_v2,catboost,random_k,dev,ks,0.3484198363890055,0.34841983638900553,5.551115123125783e-17,1e-12,pass
fbv1-008-lendingclub_v2-catboost-random-k-s42,lendingclub_v2,catboost,random_k,dev,log_loss,0.6085865187050881,0.6085865187050881,0.0,1e-12,pass
fbv1-008-lendingclub_v2-catboost-random-k-s42,lendingclub_v2,catboost,random_k,dev,brier,0.2106058091693499,0.21060580916934998,8.326672684688674e-17,1e-12,pass
fbv1-008-lendingclub_v2-catboost-random-k-s42,lendingclub_v2,catboost,random_k,oot,auc,0.6718457995837933,0.6718457995837933,0.0,1e-12,pass
fbv1-008-lendingclub_v2-catboost-random-k-s42,lendingclub_v2,catboost,random_k,oot,gini,0.3436915991675866,0.3436915991675866,0.0,1e-12,pass
fbv1-008-lendingclub_v2-catboost-random-k-s42,lendingclub_v2,catboost,random_k,oot,ks,0.2477357201990745,0.24773572019907458,8.326672684688674e-17,1e-12,pass
fbv1-008-lendingclub_v2-catboost-random-k-s42,lendingclub_v2,catboost,random_k,oot,log_loss,0.6293076067576056,0.6293076067576056,0.0,1e-12,pass
fbv1-008-lendingclub_v2-catboost-random-k-s42,lendingclub_v2,catboost,random_k,oot,brier,0.2201144092198424,0.2201144092198424,0.0,1e-12,pass
fbv1-008-lendingclub_v2-catboost-random-k-s42,lendingclub_v2,catboost,random_k,oot,lift_at_10,1.929434354652518,1.929434354652518,0.0,1e-12,pass
fbv1-009-homecredit-lr-iv-woe-s42,homecredit,lr,iv_woe,dev,auc,0.734218675132294,0.734218675132294,0.0,1e-12,pass
fbv1-009-homecredit-lr-iv-woe-s42,homecredit,lr,iv_woe,dev,gini,0.468437350264588,0.468437350264588,0.0,1e-12,pass
fbv1-009-homecredit-lr-iv-woe-s42,homecredit,lr,iv_woe,dev,ks,0.3474043206855855,0.34740432068558563,1.1102230246251565e-16,1e-12,pass
fbv1-009-homecredit-lr-iv-woe-s42,homecredit,lr,iv_woe,dev,log_loss,0.606971611232096,0.606971611232096,0.0,1e-12,pass
fbv1-009-homecredit-lr-iv-woe-s42,homecredit,lr,iv_woe,dev,brier,0.2085190040679276,0.20851900406792767,8.326672684688674e-17,1e-12,pass
fbv1-009-homecredit-lr-iv-woe-s42,homecredit,lr,iv_woe,oot,auc,0.7381468221833661,0.7381468221833661,0.0,1e-12,pass
fbv1-009-homecredit-lr-iv-woe-s42,homecredit,lr,iv_woe,oot,gini,0.4762936443667322,0.47629364436673227,5.551115123125783e-17,1e-12,pass
fbv1-009-homecredit-lr-iv-woe-s42,homecredit,lr,iv_woe,oot,ks,0.3482322036423654,0.34823220364236557,1.6653345369377348e-16,1e-12,pass
fbv1-009-homecredit-lr-iv-woe-s42,homecredit,lr,iv_woe,oot,log_loss,0.6299551283228517,0.6299551283228517,0.0,1e-12,pass
fbv1-009-homecredit-lr-iv-woe-s42,homecredit,lr,iv_woe,oot,brier,0.2184648221790276,0.21846482217902763,2.7755575615628914e-17,1e-12,pass
fbv1-009-homecredit-lr-iv-woe-s42,homecredit,lr,iv_woe,oot,lift_at_10,3.005999877119823,3.005999877119823,0.0,1e-12,pass
fbv1-010-homecredit-catboost-iv-woe-s42,homecredit,catboost,iv_woe,dev,auc,0.9215104484490434,0.9215104484490434,0.0,1e-12,pass
fbv1-010-homecredit-catboost-iv-woe-s42,homecredit,catboost,iv_woe,dev,gini,0.8430208968980868,0.8430208968980868,0.0,1e-12,pass
fbv1-010-homecredit-catboost-iv-woe-s42,homecredit,catboost,iv_woe,dev,ks,0.695336843494399,0.695336843494399,0.0,1e-12,pass
fbv1-010-homecredit-catboost-iv-woe-s42,homecredit,catboost,iv_woe,dev,log_loss,0.4248003433250001,0.42480034332500016,5.551115123125783e-17,1e-12,pass
fbv1-010-homecredit-catboost-iv-woe-s42,homecredit,catboost,iv_woe,dev,brier,0.1339203926012773,0.13392039260127733,2.7755575615628914e-17,1e-12,pass
fbv1-010-homecredit-catboost-iv-woe-s42,homecredit,catboost,iv_woe,oot,auc,0.7685707064474809,0.7685707064474809,0.0,1e-12,pass
fbv1-010-homecredit-catboost-iv-woe-s42,homecredit,catboost,iv_woe,oot,gini,0.5371414128949619,0.5371414128949619,0.0,1e-12,pass
fbv1-010-homecredit-catboost-iv-woe-s42,homecredit,catboost,iv_woe,oot,ks,0.4012080599807106,0.4012080599807107,1.1102230246251565e-16,1e-12,pass
fbv1-010-homecredit-catboost-iv-woe-s42,homecredit,catboost,iv_woe,oot,log_loss,0.4890495521777003,0.48904955217770035,5.551115123125783e-17,1e-12,pass
fbv1-010-homecredit-catboost-iv-woe-s42,homecredit,catboost,iv_woe,oot,brier,0.1609429072178787,0.1609429072178787,0.0,1e-12,pass
fbv1-010-homecredit-catboost-iv-woe-s42,homecredit,catboost,iv_woe,oot,lift_at_10,3.447590895482897,3.4475908954828975,4.440892098500626e-16,1e-12,pass
fbv1-011-lendingclub_v2-lr-iv-woe-s42,lendingclub_v2,lr,iv_woe,dev,auc,0.7044234762911905,0.7044234762911905,0.0,1e-12,pass
fbv1-011-lendingclub_v2-lr-iv-woe-s42,lendingclub_v2,lr,iv_woe,dev,gini,0.408846952582381,0.408846952582381,0.0,1e-12,pass
fbv1-011-lendingclub_v2-lr-iv-woe-s42,lendingclub_v2,lr,iv_woe,dev,ks,0.2981961113325539,0.2981961113325538,1.1102230246251565e-16,1e-12,pass
fbv1-011-lendingclub_v2-lr-iv-woe-s42,lendingclub_v2,lr,iv_woe,dev,log_loss,0.6263595481224725,0.6263595481224725,0.0,1e-12,pass
fbv1-011-lendingclub_v2-lr-iv-woe-s42,lendingclub_v2,lr,iv_woe,dev,brier,0.2178745828561832,0.21787458285618327,8.326672684688674e-17,1e-12,pass
fbv1-011-lendingclub_v2-lr-iv-woe-s42,lendingclub_v2,lr,iv_woe,oot,auc,0.6821098791687363,0.6821098791687363,0.0,1e-12,pass
fbv1-011-lendingclub_v2-lr-iv-woe-s42,lendingclub_v2,lr,iv_woe,oot,gini,0.3642197583374726,0.36421975833747267,5.551115123125783e-17,1e-12,pass
fbv1-011-lendingclub_v2-lr-iv-woe-s42,lendingclub_v2,lr,iv_woe,oot,ks,0.2614113773044075,0.2614113773044076,1.1102230246251565e-16,1e-12,pass
fbv1-011-lendingclub_v2-lr-iv-woe-s42,lendingclub_v2,lr,iv_woe,oot,log_loss,0.6218347596872352,0.6218347596872352,0.0,1e-12,pass
fbv1-011-lendingclub_v2-lr-iv-woe-s42,lendingclub_v2,lr,iv_woe,oot,brier,0.2155384723561614,0.21553847235616144,5.551115123125783e-17,1e-12,pass
fbv1-011-lendingclub_v2-lr-iv-woe-s42,lendingclub_v2,lr,iv_woe,oot,lift_at_10,2.053531165222089,2.053531165222089,0.0,1e-12,pass
fbv1-012-lendingclub_v2-catboost-iv-woe-s42,lendingclub_v2,catboost,iv_woe,dev,auc,0.7745852274129656,0.7745852274129656,0.0,1e-12,pass
fbv1-012-lendingclub_v2-catboost-iv-woe-s42,lendingclub_v2,catboost,iv_woe,dev,gini,0.5491704548259313,0.5491704548259313,0.0,1e-12,pass
fbv1-012-lendingclub_v2-catboost-iv-woe-s42,lendingclub_v2,catboost,iv_woe,dev,ks,0.4085677394662613,0.40856773946626135,5.551115123125783e-17,1e-12,pass
fbv1-012-lendingclub_v2-catboost-iv-woe-s42,lendingclub_v2,catboost,iv_woe,dev,log_loss,0.5758204046196935,0.5758204046196935,0.0,1e-12,pass
fbv1-012-lendingclub_v2-catboost-iv-woe-s42,lendingclub_v2,catboost,iv_woe,dev,brier,0.1961693931901998,0.19616939319019988,8.326672684688674e-17,1e-12,pass
fbv1-012-lendingclub_v2-catboost-iv-woe-s42,lendingclub_v2,catboost,iv_woe,oot,auc,0.7026727974821897,0.7026727974821897,0.0,1e-12,pass
fbv1-012-lendingclub_v2-catboost-iv-woe-s42,lendingclub_v2,catboost,iv_woe,oot,gini,0.4053455949643794,0.4053455949643794,0.0,1e-12,pass
fbv1-012-lendingclub_v2-catboost-iv-woe-s42,lendingclub_v2,catboost,iv_woe,oot,ks,0.2891151273902709,0.28911512739027084,5.551115123125783e-17,1e-12,pass
fbv1-012-lendingclub_v2-catboost-iv-woe-s42,lendingclub_v2,catboost,iv_woe,oot,log_loss,0.5965700641639796,0.5965700641639796,0.0,1e-12,pass
fbv1-012-lendingclub_v2-catboost-iv-woe-s42,lendingclub_v2,catboost,iv_woe,oot,brier,0.2054638275204233,0.20546382752042336,5.551115123125783e-17,1e-12,pass
fbv1-012-lendingclub_v2-catboost-iv-woe-s42,lendingclub_v2,catboost,iv_woe,oot,lift_at_10,2.1812908096337376,2.1812908096337376,0.0,1e-12,pass
fbv1-013-homecredit-lr-mrmr-mutual-information-s42,homecredit,lr,mrmr_mutual_information,dev,auc,0.7309974526406897,0.7309974526406897,0.0,1e-12,pass
fbv1-013-homecredit-lr-mrmr-mutual-information-s42,homecredit,lr,mrmr_mutual_information,dev,gini,0.4619949052813794,0.46199490528137943,5.551115123125783e-17,1e-12,pass
fbv1-013-homecredit-lr-mrmr-mutual-information-s42,homecredit,lr,mrmr_mutual_information,dev,ks,0.3431096772146129,0.34310967721461283,5.551115123125783e-17,1e-12,pass
fbv1-013-homecredit-lr-mrmr-mutual-information-s42,homecredit,lr,mrmr_mutual_information,dev,log_loss,0.6090214839613152,0.6090214839613152,0.0,1e-12,pass
fbv1-013-homecredit-lr-mrmr-mutual-information-s42,homecredit,lr,mrmr_mutual_information,dev,brier,0.2093511674131751,0.20935116741317514,2.7755575615628914e-17,1e-12,pass
fbv1-013-homecredit-lr-mrmr-mutual-information-s42,homecredit,lr,mrmr_mutual_information,oot,auc,0.7351157546380288,0.7351157546380288,0.0,1e-12,pass
fbv1-013-homecredit-lr-mrmr-mutual-information-s42,homecredit,lr,mrmr_mutual_information,oot,gini,0.4702315092760576,0.4702315092760576,0.0,1e-12,pass
fbv1-013-homecredit-lr-mrmr-mutual-information-s42,homecredit,lr,mrmr_mutual_information,oot,ks,0.3486486044164585,0.34864860441645856,5.551115123125783e-17,1e-12,pass
fbv1-013-homecredit-lr-mrmr-mutual-information-s42,homecredit,lr,mrmr_mutual_information,oot,log_loss,0.6239628547408924,0.6239628547408924,0.0,1e-12,pass
fbv1-013-homecredit-lr-mrmr-mutual-information-s42,homecredit,lr,mrmr_mutual_information,oot,brier,0.215611563189898,0.21561156318989805,5.551115123125783e-17,1e-12,pass
fbv1-013-homecredit-lr-mrmr-mutual-information-s42,homecredit,lr,mrmr_mutual_information,oot,lift_at_10,3.0125488964599536,3.0125488964599536,0.0,1e-12,pass
fbv1-014-homecredit-catboost-mrmr-mutual-information-s42,homecredit,catboost,mrmr_mutual_information,dev,auc,0.9057156636817256,0.9057156636817257,1.1102230246251565e-16,1e-12,pass
fbv1-014-homecredit-catboost-mrmr-mutual-information-s42,homecredit,catboost,mrmr_mutual_information,dev,gini,0.8114313273634515,0.8114313273634515,0.0,1e-12,pass
fbv1-014-homecredit-catboost-mrmr-mutual-information-s42,homecredit,catboost,mrmr_mutual_information,dev,ks,0.6573848024608564,0.6573848024608564,0.0,1e-12,pass
fbv1-014-homecredit-catboost-mrmr-mutual-information-s42,homecredit,catboost,mrmr_mutual_information,dev,log_loss,0.4486552983321843,0.44865529833218437,5.551115123125783e-17,1e-12,pass
fbv1-014-homecredit-catboost-mrmr-mutual-information-s42,homecredit,catboost,mrmr_mutual_information,dev,brier,0.1437693707772932,0.14376937077729326,5.551115123125783e-17,1e-12,pass
fbv1-014-homecredit-catboost-mrmr-mutual-information-s42,homecredit,catboost,mrmr_mutual_information,oot,auc,0.759898780138256,0.759898780138256,0.0,1e-12,pass
fbv1-014-homecredit-catboost-mrmr-mutual-information-s42,homecredit,catboost,mrmr_mutual_information,oot,gini,0.5197975602765119,0.5197975602765119,0.0,1e-12,pass
fbv1-014-homecredit-catboost-mrmr-mutual-information-s42,homecredit,catboost,mrmr_mutual_information,oot,ks,0.3867577824395099,0.38675778243951,5.551115123125783e-17,1e-12,pass
fbv1-014-homecredit-catboost-mrmr-mutual-information-s42,homecredit,catboost,mrmr_mutual_information,oot,log_loss,0.5029163463310823,0.5029163463310823,0.0,1e-12,pass
fbv1-014-homecredit-catboost-mrmr-mutual-information-s42,homecredit,catboost,mrmr_mutual_information,oot,brier,0.1671309684608856,0.16713096846088565,5.551115123125783e-17,1e-12,pass
fbv1-014-homecredit-catboost-mrmr-mutual-information-s42,homecredit,catboost,mrmr_mutual_information,oot,lift_at_10,3.325030676403315,3.325030676403315,0.0,1e-12,pass
fbv1-015-lendingclub_v2-lr-mrmr-mutual-information-s42,lendingclub_v2,lr,mrmr_mutual_information,dev,auc,0.706136093354426,0.706136093354426,0.0,1e-12,pass
fbv1-015-lendingclub_v2-lr-mrmr-mutual-information-s42,lendingclub_v2,lr,mrmr_mutual_information,dev,gini,0.4122721867088519,0.4122721867088519,0.0,1e-12,pass
fbv1-015-lendingclub_v2-lr-mrmr-mutual-information-s42,lendingclub_v2,lr,mrmr_mutual_information,dev,ks,0.2989998364832318,0.2989998364832318,0.0,1e-12,pass
fbv1-015-lendingclub_v2-lr-mrmr-mutual-information-s42,lendingclub_v2,lr,mrmr_mutual_information,dev,log_loss,0.624735726265074,0.624735726265074,0.0,1e-12,pass
fbv1-015-lendingclub_v2-lr-mrmr-mutual-information-s42,lendingclub_v2,lr,mrmr_mutual_information,dev,brier,0.217198552565267,0.21719855256526704,5.551115123125783e-17,1e-12,pass
fbv1-015-lendingclub_v2-lr-mrmr-mutual-information-s42,lendingclub_v2,lr,mrmr_mutual_information,oot,auc,0.6859236290968351,0.6859236290968351,0.0,1e-12,pass
fbv1-015-lendingclub_v2-lr-mrmr-mutual-information-s42,lendingclub_v2,lr,mrmr_mutual_information,oot,gini,0.3718472581936702,0.37184725819367026,5.551115123125783e-17,1e-12,pass
fbv1-015-lendingclub_v2-lr-mrmr-mutual-information-s42,lendingclub_v2,lr,mrmr_mutual_information,oot,ks,0.2645449885398555,0.2645449885398556,1.1102230246251565e-16,1e-12,pass
fbv1-015-lendingclub_v2-lr-mrmr-mutual-information-s42,lendingclub_v2,lr,mrmr_mutual_information,oot,log_loss,0.611828774323815,0.611828774323815,0.0,1e-12,pass
fbv1-015-lendingclub_v2-lr-mrmr-mutual-information-s42,lendingclub_v2,lr,mrmr_mutual_information,oot,brier,0.2113408183234188,0.2113408183234188,0.0,1e-12,pass
fbv1-015-lendingclub_v2-lr-mrmr-mutual-information-s42,lendingclub_v2,lr,mrmr_mutual_information,oot,lift_at_10,2.0796105421776776,2.0796105421776776,0.0,1e-12,pass
fbv1-016-lendingclub_v2-catboost-mrmr-mutual-information-s42,lendingclub_v2,catboost,mrmr_mutual_information,dev,auc,0.749598226889557,0.749598226889557,0.0,1e-12,pass
fbv1-016-lendingclub_v2-catboost-mrmr-mutual-information-s42,lendingclub_v2,catboost,mrmr_mutual_information,dev,gini,0.499196453779114,0.49919645377911404,5.551115123125783e-17,1e-12,pass
fbv1-016-lendingclub_v2-catboost-mrmr-mutual-information-s42,lendingclub_v2,catboost,mrmr_mutual_information,dev,ks,0.3660894236513954,0.3660894236513955,1.1102230246251565e-16,1e-12,pass
fbv1-016-lendingclub_v2-catboost-mrmr-mutual-information-s42,lendingclub_v2,catboost,mrmr_mutual_information,dev,log_loss,0.5940821379973547,0.5940821379973547,0.0,1e-12,pass
fbv1-016-lendingclub_v2-catboost-mrmr-mutual-information-s42,lendingclub_v2,catboost,mrmr_mutual_information,dev,brier,0.2041999662703053,0.20419996627030537,8.326672684688674e-17,1e-12,pass
fbv1-016-lendingclub_v2-catboost-mrmr-mutual-information-s42,lendingclub_v2,catboost,mrmr_mutual_information,oot,auc,0.7020237291842616,0.7020237291842616,0.0,1e-12,pass
fbv1-016-lendingclub_v2-catboost-mrmr-mutual-information-s42,lendingclub_v2,catboost,mrmr_mutual_information,oot,gini,0.4040474583685232,0.4040474583685232,0.0,1e-12,pass
fbv1-016-lendingclub_v2-catboost-mrmr-mutual-information-s42,lendingclub_v2,catboost,mrmr_mutual_information,oot,ks,0.2871446132658227,0.28714461326582263,5.551115123125783e-17,1e-12,pass
fbv1-016-lendingclub_v2-catboost-mrmr-mutual-information-s42,lendingclub_v2,catboost,mrmr_mutual_information,oot,log_loss,0.6080980490499379,0.6080980490499379,0.0,1e-12,pass
fbv1-016-lendingclub_v2-catboost-mrmr-mutual-information-s42,lendingclub_v2,catboost,mrmr_mutual_information,oot,brier,0.2106389473794358,0.2106389473794358,0.0,1e-12,pass
fbv1-016-lendingclub_v2-catboost-mrmr-mutual-information-s42,lendingclub_v2,catboost,mrmr_mutual_information,oot,lift_at_10,2.1768954090232446,2.1768954090232446,0.0,1e-12,pass
fbv1-017-homecredit-lr-lasso-l1-logistic-s42,homecredit,lr,lasso_l1_logistic,dev,auc,0.7443642992725914,0.7443642992725914,0.0,1e-12,pass
fbv1-017-homecredit-lr-lasso-l1-logistic-s42,homecredit,lr,lasso_l1_logistic,dev,gini,0.4887285985451828,0.4887285985451828,0.0,1e-12,pass
fbv1-017-homecredit-lr-lasso-l1-logistic-s42,homecredit,lr,lasso_l1_logistic,dev,ks,0.3672333012785282,0.3672333012785282,0.0,1e-12,pass
fbv1-017-homecredit-lr-lasso-l1-logistic-s42,homecredit,lr,lasso_l1_logistic,dev,log_loss,0.598734703095262,0.598734703095262,0.0,1e-12,pass
fbv1-017-homecredit-lr-lasso-l1-logistic-s42,homecredit,lr,lasso_l1_logistic,dev,brier,0.2052432559500814,0.2052432559500814,0.0,1e-12,pass
fbv1-017-homecredit-lr-lasso-l1-logistic-s42,homecredit,lr,lasso_l1_logistic,oot,auc,0.7453493532411243,0.7453493532411243,0.0,1e-12,pass
fbv1-017-homecredit-lr-lasso-l1-logistic-s42,homecredit,lr,lasso_l1_logistic,oot,gini,0.4906987064822485,0.49069870648224856,5.551115123125783e-17,1e-12,pass
fbv1-017-homecredit-lr-lasso-l1-logistic-s42,homecredit,lr,lasso_l1_logistic,oot,ks,0.3634826681159694,0.3634826681159694,0.0,1e-12,pass
fbv1-017-homecredit-lr-lasso-l1-logistic-s42,homecredit,lr,lasso_l1_logistic,oot,log_loss,0.6155373870020852,0.6155373870020852,0.0,1e-12,pass
fbv1-017-homecredit-lr-lasso-l1-logistic-s42,homecredit,lr,lasso_l1_logistic,oot,brier,0.2124479072485012,0.2124479072485012,0.0,1e-12,pass
fbv1-017-homecredit-lr-lasso-l1-logistic-s42,homecredit,lr,lasso_l1_logistic,oot,lift_at_10,3.049971864117842,3.049971864117842,0.0,1e-12,pass
fbv1-018-homecredit-catboost-lasso-l1-logistic-s42,homecredit,catboost,lasso_l1_logistic,dev,auc,0.9371808594622226,0.9371808594622226,0.0,1e-12,pass
fbv1-018-homecredit-catboost-lasso-l1-logistic-s42,homecredit,catboost,lasso_l1_logistic,dev,gini,0.8743617189244453,0.8743617189244453,0.0,1e-12,pass
fbv1-018-homecredit-catboost-lasso-l1-logistic-s42,homecredit,catboost,lasso_l1_logistic,dev,ks,0.7393432291723087,0.7393432291723087,0.0,1e-12,pass
fbv1-018-homecredit-catboost-lasso-l1-logistic-s42,homecredit,catboost,lasso_l1_logistic,dev,log_loss,0.3999051060765765,0.39990510607657653,5.551115123125783e-17,1e-12,pass
fbv1-018-homecredit-catboost-lasso-l1-logistic-s42,homecredit,catboost,lasso_l1_logistic,dev,brier,0.1240834057163157,0.12408340571631571,1.3877787807814457e-17,1e-12,pass
fbv1-018-homecredit-catboost-lasso-l1-logistic-s42,homecredit,catboost,lasso_l1_logistic,oot,auc,0.7742262072686338,0.7742262072686338,0.0,1e-12,pass
fbv1-018-homecredit-catboost-lasso-l1-logistic-s42,homecredit,catboost,lasso_l1_logistic,oot,gini,0.5484524145372676,0.5484524145372676,0.0,1e-12,pass
fbv1-018-homecredit-catboost-lasso-l1-logistic-s42,homecredit,catboost,lasso_l1_logistic,oot,ks,0.41278949952242,0.41278949952242,0.0,1e-12,pass
fbv1-018-homecredit-catboost-lasso-l1-logistic-s42,homecredit,catboost,lasso_l1_logistic,oot,log_loss,0.4740711374314528,0.47407113743145285,5.551115123125783e-17,1e-12,pass
fbv1-018-homecredit-catboost-lasso-l1-logistic-s42,homecredit,catboost,lasso_l1_logistic,oot,brier,0.1551682507315876,0.15516825073158763,2.7755575615628914e-17,1e-12,pass
fbv1-018-homecredit-catboost-lasso-l1-logistic-s42,homecredit,catboost,lasso_l1_logistic,oot,lift_at_10,3.496240753438151,3.496240753438151,0.0,1e-12,pass
fbv1-019-lendingclub_v2-lr-lasso-l1-logistic-s42,lendingclub_v2,lr,lasso_l1_logistic,dev,auc,0.705378672655003,0.705378672655003,0.0,1e-12,pass
fbv1-019-lendingclub_v2-lr-lasso-l1-logistic-s42,lendingclub_v2,lr,lasso_l1_logistic,dev,gini,0.4107573453100059,0.41075734531000596,5.551115123125783e-17,1e-12,pass
fbv1-019-lendingclub_v2-lr-lasso-l1-logistic-s42,lendingclub_v2,lr,lasso_l1_logistic,dev,ks,0.2955540106633172,0.29555401066331727,5.551115123125783e-17,1e-12,pass
fbv1-019-lendingclub_v2-lr-lasso-l1-logistic-s42,lendingclub_v2,lr,lasso_l1_logistic,dev,log_loss,0.6250679325046262,0.6250679325046262,0.0,1e-12,pass
fbv1-019-lendingclub_v2-lr-lasso-l1-logistic-s42,lendingclub_v2,lr,lasso_l1_logistic,dev,brier,0.217527192590634,0.21752719259063402,2.7755575615628914e-17,1e-12,pass
fbv1-019-lendingclub_v2-lr-lasso-l1-logistic-s42,lendingclub_v2,lr,lasso_l1_logistic,oot,auc,0.6811035325109065,0.6811035325109065,0.0,1e-12,pass
fbv1-019-lendingclub_v2-lr-lasso-l1-logistic-s42,lendingclub_v2,lr,lasso_l1_logistic,oot,gini,0.362207065021813,0.362207065021813,0.0,1e-12,pass
fbv1-019-lendingclub_v2-lr-lasso-l1-logistic-s42,lendingclub_v2,lr,lasso_l1_logistic,oot,ks,0.2569709569059342,0.2569709569059342,0.0,1e-12,pass
fbv1-019-lendingclub_v2-lr-lasso-l1-logistic-s42,lendingclub_v2,lr,lasso_l1_logistic,oot,log_loss,0.6113432500961168,0.6113432500961168,0.0,1e-12,pass
fbv1-019-lendingclub_v2-lr-lasso-l1-logistic-s42,lendingclub_v2,lr,lasso_l1_logistic,oot,brier,0.2113676734776817,0.21136767347768173,2.7755575615628914e-17,1e-12,pass
fbv1-019-lendingclub_v2-lr-lasso-l1-logistic-s42,lendingclub_v2,lr,lasso_l1_logistic,oot,lift_at_10,2.0583661058936307,2.0583661058936307,0.0,1e-12,pass
fbv1-020-lendingclub_v2-catboost-lasso-l1-logistic-s42,lendingclub_v2,catboost,lasso_l1_logistic,dev,auc,0.7806898498213231,0.7806898498213231,0.0,1e-12,pass
fbv1-020-lendingclub_v2-catboost-lasso-l1-logistic-s42,lendingclub_v2,catboost,lasso_l1_logistic,dev,gini,0.5613796996426461,0.5613796996426461,0.0,1e-12,pass
fbv1-020-lendingclub_v2-catboost-lasso-l1-logistic-s42,lendingclub_v2,catboost,lasso_l1_logistic,dev,ks,0.4174891955351826,0.41748919553518254,5.551115123125783e-17,1e-12,pass
fbv1-020-lendingclub_v2-catboost-lasso-l1-logistic-s42,lendingclub_v2,catboost,lasso_l1_logistic,dev,log_loss,0.5703324152832743,0.5703324152832743,0.0,1e-12,pass
fbv1-020-lendingclub_v2-catboost-lasso-l1-logistic-s42,lendingclub_v2,catboost,lasso_l1_logistic,dev,brier,0.1940927345545225,0.19409273455452258,8.326672684688674e-17,1e-12,pass
fbv1-020-lendingclub_v2-catboost-lasso-l1-logistic-s42,lendingclub_v2,catboost,lasso_l1_logistic,oot,auc,0.7096269175074682,0.7096269175074682,0.0,1e-12,pass
fbv1-020-lendingclub_v2-catboost-lasso-l1-logistic-s42,lendingclub_v2,catboost,lasso_l1_logistic,oot,gini,0.4192538350149364,0.4192538350149364,0.0,1e-12,pass
fbv1-020-lendingclub_v2-catboost-lasso-l1-logistic-s42,lendingclub_v2,catboost,lasso_l1_logistic,oot,ks,0.3006616494792721,0.3006616494792721,0.0,1e-12,pass
fbv1-020-lendingclub_v2-catboost-lasso-l1-logistic-s42,lendingclub_v2,catboost,lasso_l1_logistic,oot,log_loss,0.5892369866233977,0.5892369866233977,0.0,1e-12,pass
fbv1-020-lendingclub_v2-catboost-lasso-l1-logistic-s42,lendingclub_v2,catboost,lasso_l1_logistic,oot,brier,0.2024694887906572,0.20246948879065724,2.7755575615628914e-17,1e-12,pass
fbv1-020-lendingclub_v2-catboost-lasso-l1-logistic-s42,lendingclub_v2,catboost,lasso_l1_logistic,oot,lift_at_10,2.2059050530524957,2.2059050530524953,4.440892098500626e-16,1e-12,pass
fbv1-021-homecredit-lr-legacy-rf-relevance-corr-s42,homecredit,lr,legacy_rf_relevance_corr,dev,auc,0.7403152261836287,0.7403152261836287,0.0,1e-12,pass
fbv1-021-homecredit-lr-legacy-rf-relevance-corr-s42,homecredit,lr,legacy_rf_relevance_corr,dev,gini,0.4806304523672573,0.4806304523672573,0.0,1e-12,pass
fbv1-021-homecredit-lr-legacy-rf-relevance-corr-s42,homecredit,lr,legacy_rf_relevance_corr,dev,ks,0.3591650797806601,0.35916507978066003,5.551115123125783e-17,1e-12,pass
fbv1-021-homecredit-lr-legacy-rf-relevance-corr-s42,homecredit,lr,legacy_rf_relevance_corr,dev,log_loss,0.6022262754594622,0.6022262754594622,0.0,1e-12,pass
fbv1-021-homecredit-lr-legacy-rf-relevance-corr-s42,homecredit,lr,legacy_rf_relevance_corr,dev,brier,0.2063045130888655,0.20630451308886558,8.326672684688674e-17,1e-12,pass
fbv1-021-homecredit-lr-legacy-rf-relevance-corr-s42,homecredit,lr,legacy_rf_relevance_corr,oot,auc,0.7447520668100092,0.7447520668100092,0.0,1e-12,pass
fbv1-021-homecredit-lr-legacy-rf-relevance-corr-s42,homecredit,lr,legacy_rf_relevance_corr,oot,gini,0.4895041336200183,0.4895041336200183,0.0,1e-12,pass
fbv1-021-homecredit-lr-legacy-rf-relevance-corr-s42,homecredit,lr,legacy_rf_relevance_corr,oot,ks,0.3597414543769408,0.3597414543769408,0.0,1e-12,pass
fbv1-021-homecredit-lr-legacy-rf-relevance-corr-s42,homecredit,lr,legacy_rf_relevance_corr,oot,log_loss,0.6244313990629775,0.6244313990629775,0.0,1e-12,pass
fbv1-021-homecredit-lr-legacy-rf-relevance-corr-s42,homecredit,lr,legacy_rf_relevance_corr,oot,brier,0.2156770063914868,0.21567700639148685,5.551115123125783e-17,1e-12,pass
fbv1-021-homecredit-lr-legacy-rf-relevance-corr-s42,homecredit,lr,legacy_rf_relevance_corr,oot,lift_at_10,3.0948794253073064,3.0948794253073064,0.0,1e-12,pass
fbv1-022-homecredit-catboost-legacy-rf-relevance-corr-s42,homecredit,catboost,legacy_rf_relevance_corr,dev,auc,0.9322789023082306,0.9322789023082306,0.0,1e-12,pass
fbv1-022-homecredit-catboost-legacy-rf-relevance-corr-s42,homecredit,catboost,legacy_rf_relevance_corr,dev,gini,0.8645578046164613,0.8645578046164613,0.0,1e-12,pass
fbv1-022-homecredit-catboost-legacy-rf-relevance-corr-s42,homecredit,catboost,legacy_rf_relevance_corr,dev,ks,0.7228121753788148,0.7228121753788148,0.0,1e-12,pass
fbv1-022-homecredit-catboost-legacy-rf-relevance-corr-s42,homecredit,catboost,legacy_rf_relevance_corr,dev,log_loss,0.4091522819365182,0.4091522819365182,0.0,1e-12,pass
fbv1-022-homecredit-catboost-legacy-rf-relevance-corr-s42,homecredit,catboost,legacy_rf_relevance_corr,dev,brier,0.1274322108150896,0.12743221081508962,2.7755575615628914e-17,1e-12,pass
fbv1-022-homecredit-catboost-legacy-rf-relevance-corr-s42,homecredit,catboost,legacy_rf_relevance_corr,oot,auc,0.7698045497949377,0.7698045497949377,0.0,1e-12,pass
fbv1-022-homecredit-catboost-legacy-rf-relevance-corr-s42,homecredit,catboost,legacy_rf_relevance_corr,oot,gini,0.5396090995898755,0.5396090995898755,0.0,1e-12,pass
fbv1-022-homecredit-catboost-legacy-rf-relevance-corr-s42,homecredit,catboost,legacy_rf_relevance_corr,oot,ks,0.4070247209599454,0.4070247209599454,0.0,1e-12,pass
fbv1-022-homecredit-catboost-legacy-rf-relevance-corr-s42,homecredit,catboost,legacy_rf_relevance_corr,oot,log_loss,0.4781814492830624,0.4781814492830624,0.0,1e-12,pass
fbv1-022-homecredit-catboost-legacy-rf-relevance-corr-s42,homecredit,catboost,legacy_rf_relevance_corr,oot,brier,0.156418763098945,0.156418763098945,0.0,1e-12,pass
fbv1-022-homecredit-catboost-legacy-rf-relevance-corr-s42,homecredit,catboost,legacy_rf_relevance_corr,oot,lift_at_10,3.4326217084197426,3.4326217084197426,0.0,1e-12,pass
fbv1-023-lendingclub_v2-lr-legacy-rf-relevance-corr-s42,lendingclub_v2,lr,legacy_rf_relevance_corr,dev,auc,0.7116884353455868,0.7116884353455868,0.0,1e-12,pass
fbv1-023-lendingclub_v2-lr-legacy-rf-relevance-corr-s42,lendingclub_v2,lr,legacy_rf_relevance_corr,dev,gini,0.4233768706911736,0.4233768706911736,0.0,1e-12,pass
fbv1-023-lendingclub_v2-lr-legacy-rf-relevance-corr-s42,lendingclub_v2,lr,legacy_rf_relevance_corr,dev,ks,0.308153763210873,0.3081537632108729,1.1102230246251565e-16,1e-12,pass
fbv1-023-lendingclub_v2-lr-legacy-rf-relevance-corr-s42,lendingclub_v2,lr,legacy_rf_relevance_corr,dev,log_loss,0.6208851481121104,0.6208851481121104,0.0,1e-12,pass
fbv1-023-lendingclub_v2-lr-legacy-rf-relevance-corr-s42,lendingclub_v2,lr,legacy_rf_relevance_corr,dev,brier,0.2154563427226734,0.2154563427226734,0.0,1e-12,pass
fbv1-023-lendingclub_v2-lr-legacy-rf-relevance-corr-s42,lendingclub_v2,lr,legacy_rf_relevance_corr,oot,auc,0.6915457285238554,0.6915457285238554,0.0,1e-12,pass
fbv1-023-lendingclub_v2-lr-legacy-rf-relevance-corr-s42,lendingclub_v2,lr,legacy_rf_relevance_corr,oot,gini,0.3830914570477108,0.38309145704771086,5.551115123125783e-17,1e-12,pass
fbv1-023-lendingclub_v2-lr-legacy-rf-relevance-corr-s42,lendingclub_v2,lr,legacy_rf_relevance_corr,oot,ks,0.2746720016199978,0.2746720016199979,1.1102230246251565e-16,1e-12,pass
fbv1-023-lendingclub_v2-lr-legacy-rf-relevance-corr-s42,lendingclub_v2,lr,legacy_rf_relevance_corr,oot,log_loss,0.6171623845766898,0.6171623845766898,0.0,1e-12,pass
fbv1-023-lendingclub_v2-lr-legacy-rf-relevance-corr-s42,lendingclub_v2,lr,legacy_rf_relevance_corr,oot,brier,0.2133479690696586,0.2133479690696586,0.0,1e-12,pass
fbv1-023-lendingclub_v2-lr-legacy-rf-relevance-corr-s42,lendingclub_v2,lr,legacy_rf_relevance_corr,oot,lift_at_10,2.1078876194385128,2.1078876194385128,0.0,1e-12,pass
fbv1-024-lendingclub_v2-catboost-legacy-rf-relevance-corr-s42,lendingclub_v2,catboost,legacy_rf_relevance_corr,dev,auc,0.7739227025397175,0.7739227025397175,0.0,1e-12,pass
fbv1-024-lendingclub_v2-catboost-legacy-rf-relevance-corr-s42,lendingclub_v2,catboost,legacy_rf_relevance_corr,dev,gini,0.547845405079435,0.547845405079435,0.0,1e-12,pass
fbv1-024-lendingclub_v2-catboost-legacy-rf-relevance-corr-s42,lendingclub_v2,catboost,legacy_rf_relevance_corr,dev,ks,0.4061202724162802,0.40612027241628024,5.551115123125783e-17,1e-12,pass
fbv1-024-lendingclub_v2-catboost-legacy-rf-relevance-corr-s42,lendingclub_v2,catboost,legacy_rf_relevance_corr,dev,log_loss,0.575788734981591,0.575788734981591,0.0,1e-12,pass
fbv1-024-lendingclub_v2-catboost-legacy-rf-relevance-corr-s42,lendingclub_v2,catboost,legacy_rf_relevance_corr,dev,brier,0.1964206708668893,0.19642067086688936,5.551115123125783e-17,1e-12,pass
fbv1-024-lendingclub_v2-catboost-legacy-rf-relevance-corr-s42,lendingclub_v2,catboost,legacy_rf_relevance_corr,oot,auc,0.7071937974621152,0.7071937974621152,0.0,1e-12,pass
fbv1-024-lendingclub_v2-catboost-legacy-rf-relevance-corr-s42,lendingclub_v2,catboost,legacy_rf_relevance_corr,oot,gini,0.4143875949242304,0.4143875949242304,0.0,1e-12,pass
fbv1-024-lendingclub_v2-catboost-legacy-rf-relevance-corr-s42,lendingclub_v2,catboost,legacy_rf_relevance_corr,oot,ks,0.2972426173108907,0.29724261731089063,5.551115123125783e-17,1e-12,pass
fbv1-024-lendingclub_v2-catboost-legacy-rf-relevance-corr-s42,lendingclub_v2,catboost,legacy_rf_relevance_corr,oot,log_loss,0.5906504403478972,0.5906504403478972,0.0,1e-12,pass
fbv1-024-lendingclub_v2-catboost-legacy-rf-relevance-corr-s42,lendingclub_v2,catboost,legacy_rf_relevance_corr,oot,brier,0.203063920994918,0.203063920994918,0.0,1e-12,pass
fbv1-024-lendingclub_v2-catboost-legacy-rf-relevance-corr-s42,lendingclub_v2,catboost,legacy_rf_relevance_corr,oot,lift_at_10,2.194916551526264,2.194916551526264,0.0,1e-12,pass
fbv1-025-homecredit-lr-catboost-shap-s42,homecredit,lr,catboost_shap,dev,auc,0.7476482316537099,0.7476482316537099,0.0,1e-12,pass
fbv1-025-homecredit-lr-catboost-shap-s42,homecredit,lr,catboost_shap,dev,gini,0.4952964633074197,0.4952964633074197,0.0,1e-12,pass
fbv1-025-homecredit-lr-catboost-shap-s42,homecredit,lr,catboost_shap,dev,ks,0.3711334008973361,0.3711334008973362,1.1102230246251565e-16,1e-12,pass
fbv1-025-homecredit-lr-catboost-shap-s42,homecredit,lr,catboost_shap,dev,log_loss,0.5956609622336395,0.5956609622336395,0.0,1e-12,pass
fbv1-025-homecredit-lr-catboost-shap-s42,homecredit,lr,catboost_shap,dev,brier,0.2039762838564642,0.20397628385646424,2.7755575615628914e-17,1e-12,pass
fbv1-025-homecredit-lr-catboost-shap-s42,homecredit,lr,catboost_shap,oot,auc,0.7501298442067997,0.7501298442067997,0.0,1e-12,pass
fbv1-025-homecredit-lr-catboost-shap-s42,homecredit,lr,catboost_shap,oot,gini,0.5002596884135995,0.5002596884135995,0.0,1e-12,pass
fbv1-025-homecredit-lr-catboost-shap-s42,homecredit,lr,catboost_shap,oot,ks,0.3703826437099741,0.3703826437099741,0.0,1e-12,pass
fbv1-025-homecredit-lr-catboost-shap-s42,homecredit,lr,catboost_shap,oot,log_loss,0.6329136634902536,0.6329136634902536,0.0,1e-12,pass
fbv1-025-homecredit-lr-catboost-shap-s42,homecredit,lr,catboost_shap,oot,brier,0.2197456302257869,0.21974563022578691,2.7755575615628914e-17,1e-12,pass
fbv1-025-homecredit-lr-catboost-shap-s42,homecredit,lr,catboost_shap,oot,lift_at_10,3.12388222524217,3.12388222524217,0.0,1e-12,pass
fbv1-026-homecredit-catboost-catboost-shap-s42,homecredit,catboost,catboost_shap,dev,auc,0.946258679079462,0.9462586790794619,1.1102230246251565e-16,1e-12,pass
fbv1-026-homecredit-catboost-catboost-shap-s42,homecredit,catboost,catboost_shap,dev,gini,0.8925173581589239,0.8925173581589239,0.0,1e-12,pass
fbv1-026-homecredit-catboost-catboost-shap-s42,homecredit,catboost,catboost_shap,dev,ks,0.7646996995664493,0.7646996995664493,0.0,1e-12,pass
fbv1-026-homecredit-catboost-catboost-shap-s42,homecredit,catboost,catboost_shap,dev,log_loss,0.3860575518626785,0.3860575518626785,0.0,1e-12,pass
fbv1-026-homecredit-catboost-catboost-shap-s42,homecredit,catboost,catboost_shap,dev,brier,0.1184349351474047,0.11843493514740475,4.163336342344337e-17,1e-12,pass
fbv1-026-homecredit-catboost-catboost-shap-s42,homecredit,catboost,catboost_shap,oot,auc,0.7795351956558697,0.7795351956558697,0.0,1e-12,pass
fbv1-026-homecredit-catboost-catboost-shap-s42,homecredit,catboost,catboost_shap,oot,gini,0.5590703913117394,0.5590703913117394,0.0,1e-12,pass
fbv1-026-homecredit-catboost-catboost-shap-s42,homecredit,catboost,catboost_shap,oot,ks,0.41997782141108,0.4199778214110799,5.551115123125783e-17,1e-12,pass
fbv1-026-homecredit-catboost-catboost-shap-s42,homecredit,catboost,catboost_shap,oot,log_loss,0.4604235228000805,0.46042352280008053,5.551115123125783e-17,1e-12,pass
fbv1-026-homecredit-catboost-catboost-shap-s42,homecredit,catboost,catboost_shap,oot,brier,0.1495211593335761,0.14952115933357615,5.551115123125783e-17,1e-12,pass
fbv1-026-homecredit-catboost-catboost-shap-s42,homecredit,catboost,catboost_shap,oot,lift_at_10,3.5607953726480077,3.5607953726480073,4.440892098500626e-16,1e-12,pass
fbv1-027-lendingclub_v2-lr-catboost-shap-s42,lendingclub_v2,lr,catboost_shap,dev,auc,0.7168298074195785,0.7168298074195785,0.0,1e-12,pass
fbv1-027-lendingclub_v2-lr-catboost-shap-s42,lendingclub_v2,lr,catboost_shap,dev,gini,0.4336596148391569,0.43365961483915694,5.551115123125783e-17,1e-12,pass
fbv1-027-lendingclub_v2-lr-catboost-shap-s42,lendingclub_v2,lr,catboost_shap,dev,ks,0.3149039827330832,0.3149039827330831,5.551115123125783e-17,1e-12,pass
fbv1-027-lendingclub_v2-lr-catboost-shap-s42,lendingclub_v2,lr,catboost_shap,dev,log_loss,0.6176810819966055,0.6176810819966055,0.0,1e-12,pass
fbv1-027-lendingclub_v2-lr-catboost-shap-s42,lendingclub_v2,lr,catboost_shap,dev,brier,0.2140099541183914,0.2140099541183914,0.0,1e-12,pass
fbv1-027-lendingclub_v2-lr-catboost-shap-s42,lendingclub_v2,lr,catboost_shap,oot,auc,0.6965421682537228,0.6965421682537228,0.0,1e-12,pass
fbv1-027-lendingclub_v2-lr-catboost-shap-s42,lendingclub_v2,lr,catboost_shap,oot,gini,0.3930843365074457,0.3930843365074457,0.0,1e-12,pass
fbv1-027-lendingclub_v2-lr-catboost-shap-s42,lendingclub_v2,lr,catboost_shap,oot,ks,0.2815476773157388,0.2815476773157388,0.0,1e-12,pass
fbv1-027-lendingclub_v2-lr-catboost-shap-s42,lendingclub_v2,lr,catboost_shap,oot,log_loss,0.6160812189966236,0.6160812189966236,0.0,1e-12,pass
fbv1-027-lendingclub_v2-lr-catboost-shap-s42,lendingclub_v2,lr,catboost_shap,oot,brier,0.2127896706674001,0.21278967066740012,2.7755575615628914e-17,1e-12,pass
fbv1-027-lendingclub_v2-lr-catboost-shap-s42,lendingclub_v2,lr,catboost_shap,oot,lift_at_10,2.1360181833456644,2.1360181833456644,0.0,1e-12,pass
fbv1-028-lendingclub_v2-catboost-catboost-shap-s42,lendingclub_v2,catboost,catboost_shap,dev,auc,0.7793100739337478,0.7793100739337478,0.0,1e-12,pass
fbv1-028-lendingclub_v2-catboost-catboost-shap-s42,lendingclub_v2,catboost,catboost_shap,dev,gini,0.5586201478674957,0.5586201478674957,0.0,1e-12,pass
fbv1-028-lendingclub_v2-catboost-catboost-shap-s42,lendingclub_v2,catboost,catboost_shap,dev,ks,0.413985577327059,0.413985577327059,0.0,1e-12,pass
fbv1-028-lendingclub_v2-catboost-catboost-shap-s42,lendingclub_v2,catboost,catboost_shap,dev,log_loss,0.5706765704959227,0.5706765704959227,0.0,1e-12,pass
fbv1-028-lendingclub_v2-catboost-catboost-shap-s42,lendingclub_v2,catboost,catboost_shap,dev,brier,0.1943439441048049,0.1943439441048049,0.0,1e-12,pass
fbv1-028-lendingclub_v2-catboost-catboost-shap-s42,lendingclub_v2,catboost,catboost_shap,oot,auc,0.7151490967691265,0.7151490967691265,0.0,1e-12,pass
fbv1-028-lendingclub_v2-catboost-catboost-shap-s42,lendingclub_v2,catboost,catboost_shap,oot,gini,0.430298193538253,0.43029819353825305,5.551115123125783e-17,1e-12,pass
fbv1-028-lendingclub_v2-catboost-catboost-shap-s42,lendingclub_v2,catboost,catboost_shap,oot,ks,0.3086398441159994,0.30863984411599943,5.551115123125783e-17,1e-12,pass
fbv1-028-lendingclub_v2-catboost-catboost-shap-s42,lendingclub_v2,catboost,catboost_shap,oot,log_loss,0.5874099886806744,0.5874099886806744,0.0,1e-12,pass
fbv1-028-lendingclub_v2-catboost-catboost-shap-s42,lendingclub_v2,catboost,catboost_shap,oot,brier,0.2017155167239425,0.20171551672394258,8.326672684688674e-17,1e-12,pass
fbv1-028-lendingclub_v2-catboost-catboost-shap-s42,lendingclub_v2,catboost,catboost_shap,oot,lift_at_10,2.246928792083758,2.246928792083758,0.0,1e-12,pass
fbv1-029-homecredit-lr-boruta-random-forest-s42,homecredit,lr,boruta_random_forest,dev,auc,0.7360360820121283,0.7360360820121283,0.0,1e-12,pass
fbv1-029-homecredit-lr-boruta-random-forest-s42,homecredit,lr,boruta_random_forest,dev,gini,0.4720721640242566,0.47207216402425667,5.551115123125783e-17,1e-12,pass
fbv1-029-homecredit-lr-boruta-random-forest-s42,homecredit,lr,boruta_random_forest,dev,ks,0.3494959813446175,0.34949598134461757,5.551115123125783e-17,1e-12,pass
fbv1-029-homecredit-lr-boruta-random-forest-s42,homecredit,lr,boruta_random_forest,dev,log_loss,0.6045742148470583,0.6045742148470583,0.0,1e-12,pass
fbv1-029-homecredit-lr-boruta-random-forest-s42,homecredit,lr,boruta_random_forest,dev,brier,0.2081776345889112,0.20817763458891128,8.326672684688674e-17,1e-12,pass
fbv1-029-homecredit-lr-boruta-random-forest-s42,homecredit,lr,boruta_random_forest,oot,auc,0.7397382371452405,0.7397382371452405,0.0,1e-12,pass
fbv1-029-homecredit-lr-boruta-random-forest-s42,homecredit,lr,boruta_random_forest,oot,gini,0.4794764742904809,0.4794764742904809,0.0,1e-12,pass
fbv1-029-homecredit-lr-boruta-random-forest-s42,homecredit,lr,boruta_random_forest,oot,ks,0.3534461568222764,0.3534461568222764,0.0,1e-12,pass
fbv1-029-homecredit-lr-boruta-random-forest-s42,homecredit,lr,boruta_random_forest,oot,log_loss,0.630408556442335,0.630408556442335,0.0,1e-12,pass
fbv1-029-homecredit-lr-boruta-random-forest-s42,homecredit,lr,boruta_random_forest,oot,brier,0.2191776303750674,0.2191776303750674,0.0,1e-12,pass
fbv1-029-homecredit-lr-boruta-random-forest-s42,homecredit,lr,boruta_random_forest,oot,lift_at_10,3.034067102863239,3.034067102863239,0.0,1e-12,pass
fbv1-030-homecredit-catboost-boruta-random-forest-s42,homecredit,catboost,boruta_random_forest,dev,auc,0.9149507705749466,0.9149507705749466,0.0,1e-12,pass
fbv1-030-homecredit-catboost-boruta-random-forest-s42,homecredit,catboost,boruta_random_forest,dev,gini,0.8299015411498931,0.8299015411498931,0.0,1e-12,pass
fbv1-030-homecredit-catboost-boruta-random-forest-s42,homecredit,catboost,boruta_random_forest,dev,ks,0.6849206545560165,0.6849206545560165,0.0,1e-12,pass
fbv1-030-homecredit-catboost-boruta-random-forest-s42,homecredit,catboost,boruta_random_forest,dev,log_loss,0.4405899934724527,0.4405899934724527,0.0,1e-12,pass
fbv1-030-homecredit-catboost-boruta-random-forest-s42,homecredit,catboost,boruta_random_forest,dev,brier,0.1400390900858174,0.14003909008581744,2.7755575615628914e-17,1e-12,pass
fbv1-030-homecredit-catboost-boruta-random-forest-s42,homecredit,catboost,boruta_random_forest,oot,auc,0.7542024954343132,0.7542024954343132,0.0,1e-12,pass
fbv1-030-homecredit-catboost-boruta-random-forest-s42,homecredit,catboost,boruta_random_forest,oot,gini,0.5084049908686263,0.5084049908686263,0.0,1e-12,pass
fbv1-030-homecredit-catboost-boruta-random-forest-s42,homecredit,catboost,boruta_random_forest,oot,ks,0.3760783825984022,0.37607838259840215,5.551115123125783e-17,1e-12,pass
fbv1-030-homecredit-catboost-boruta-random-forest-s42,homecredit,catboost,boruta_random_forest,oot,log_loss,0.504892378419518,0.504892378419518,0.0,1e-12,pass
fbv1-030-homecredit-catboost-boruta-random-forest-s42,homecredit,catboost,boruta_random_forest,oot,brier,0.1673523658208465,0.1673523658208465,0.0,1e-12,pass
fbv1-030-homecredit-catboost-boruta-random-forest-s42,homecredit,catboost,boruta_random_forest,oot,lift_at_10,3.253927037853329,3.253927037853329,0.0,1e-12,pass
fbv1-031-lendingclub_v2-lr-boruta-random-forest-s42,lendingclub_v2,lr,boruta_random_forest,dev,auc,0.6557042073752146,0.6557042073752146,0.0,1e-12,pass
fbv1-031-lendingclub_v2-lr-boruta-random-forest-s42,lendingclub_v2,lr,boruta_random_forest,dev,gini,0.3114084147504292,0.31140841475042924,5.551115123125783e-17,1e-12,pass
fbv1-031-lendingclub_v2-lr-boruta-random-forest-s42,lendingclub_v2,lr,boruta_random_forest,dev,ks,0.2244732872576796,0.22447328725767968,8.326672684688674e-17,1e-12,pass
fbv1-031-lendingclub_v2-lr-boruta-random-forest-s42,lendingclub_v2,lr,boruta_random_forest,dev,log_loss,0.6560306388114401,0.6560306388114401,0.0,1e-12,pass
fbv1-031-lendingclub_v2-lr-boruta-random-forest-s42,lendingclub_v2,lr,boruta_random_forest,dev,brier,0.2327811122296822,0.2327811122296822,0.0,1e-12,pass
fbv1-031-lendingclub_v2-lr-boruta-random-forest-s42,lendingclub_v2,lr,boruta_random_forest,oot,auc,0.6557476745180499,0.6557476745180499,0.0,1e-12,pass
fbv1-031-lendingclub_v2-lr-boruta-random-forest-s42,lendingclub_v2,lr,boruta_random_forest,oot,gini,0.3114953490360999,0.3114953490360999,0.0,1e-12,pass
fbv1-031-lendingclub_v2-lr-boruta-random-forest-s42,lendingclub_v2,lr,boruta_random_forest,oot,ks,0.2258422405944599,0.2258422405944599,0.0,1e-12,pass
fbv1-031-lendingclub_v2-lr-boruta-random-forest-s42,lendingclub_v2,lr,boruta_random_forest,oot,log_loss,0.6490369408602636,0.6490369408602636,0.0,1e-12,pass
fbv1-031-lendingclub_v2-lr-boruta-random-forest-s42,lendingclub_v2,lr,boruta_random_forest,oot,brier,0.2292077718479445,0.22920777184794458,8.326672684688674e-17,1e-12,pass
fbv1-031-lendingclub_v2-lr-boruta-random-forest-s42,lendingclub_v2,lr,boruta_random_forest,oot,lift_at_10,1.7908327220683216,1.7908327220683216,0.0,1e-12,pass
fbv1-032-lendingclub_v2-catboost-boruta-random-forest-s42,lendingclub_v2,catboost,boruta_random_forest,dev,auc,0.7585948806840926,0.7585948806840926,0.0,1e-12,pass
fbv1-032-lendingclub_v2-catboost-boruta-random-forest-s42,lendingclub_v2,catboost,boruta_random_forest,dev,gini,0.5171897613681853,0.5171897613681853,0.0,1e-12,pass
fbv1-032-lendingclub_v2-catboost-boruta-random-forest-s42,lendingclub_v2,catboost,boruta_random_forest,dev,ks,0.3810945397429671,0.38109453974296714,5.551115123125783e-17,1e-12,pass
fbv1-032-lendingclub_v2-catboost-boruta-random-forest-s42,lendingclub_v2,catboost,boruta_random_forest,dev,log_loss,0.5943198982140144,0.5943198982140144,0.0,1e-12,pass
fbv1-032-lendingclub_v2-catboost-boruta-random-forest-s42,lendingclub_v2,catboost,boruta_random_forest,dev,brier,0.2044029383482017,0.20440293834820178,8.326672684688674e-17,1e-12,pass
fbv1-032-lendingclub_v2-catboost-boruta-random-forest-s42,lendingclub_v2,catboost,boruta_random_forest,oot,auc,0.6857472026449052,0.6857472026449052,0.0,1e-12,pass
fbv1-032-lendingclub_v2-catboost-boruta-random-forest-s42,lendingclub_v2,catboost,boruta_random_forest,oot,gini,0.3714944052898103,0.37149440528981037,5.551115123125783e-17,1e-12,pass
fbv1-032-lendingclub_v2-catboost-boruta-random-forest-s42,lendingclub_v2,catboost,boruta_random_forest,oot,ks,0.2673477145078667,0.26734771450786676,5.551115123125783e-17,1e-12,pass
fbv1-032-lendingclub_v2-catboost-boruta-random-forest-s42,lendingclub_v2,catboost,boruta_random_forest,oot,log_loss,0.616777822179032,0.616777822179032,0.0,1e-12,pass
fbv1-032-lendingclub_v2-catboost-boruta-random-forest-s42,lendingclub_v2,catboost,boruta_random_forest,oot,brier,0.214707244989933,0.21470724498993304,5.551115123125783e-17,1e-12,pass
fbv1-032-lendingclub_v2-catboost-boruta-random-forest-s42,lendingclub_v2,catboost,boruta_random_forest,oot,lift_at_10,2.023788954424423,2.023788954424423,0.0,1e-12,pass
fbv1-033-homecredit-lr-rfe-catboost-s42,homecredit,lr,rfe_catboost,dev,auc,0.7433819633512573,0.7433819633512573,0.0,1e-12,pass
fbv1-033-homecredit-lr-rfe-catboost-s42,homecredit,lr,rfe_catboost,dev,gini,0.4867639267025145,0.48676392670251456,5.551115123125783e-17,1e-12,pass
fbv1-033-homecredit-lr-rfe-catboost-s42,homecredit,lr,rfe_catboost,dev,ks,0.363926922597967,0.3639269225979671,1.1102230246251565e-16,1e-12,pass
fbv1-033-homecredit-lr-rfe-catboost-s42,homecredit,lr,rfe_catboost,dev,log_loss,0.5996957083854547,0.5996957083854547,0.0,1e-12,pass
fbv1-033-homecredit-lr-rfe-catboost-s42,homecredit,lr,rfe_catboost,dev,brier,0.2054028308340698,0.2054028308340698,0.0,1e-12,pass
fbv1-033-homecredit-lr-rfe-catboost-s42,homecredit,lr,rfe_catboost,oot,auc,0.74654609311072,0.74654609311072,0.0,1e-12,pass
fbv1-033-homecredit-lr-rfe-catboost-s42,homecredit,lr,rfe_catboost,oot,gini,0.4930921862214399,0.4930921862214399,0.0,1e-12,pass
fbv1-033-homecredit-lr-rfe-catboost-s42,homecredit,lr,rfe_catboost,oot,ks,0.3656119543247889,0.36561195432478893,5.551115123125783e-17,1e-12,pass
fbv1-033-homecredit-lr-rfe-catboost-s42,homecredit,lr,rfe_catboost,oot,log_loss,0.6275326924625548,0.6275326924625548,0.0,1e-12,pass
fbv1-033-homecredit-lr-rfe-catboost-s42,homecredit,lr,rfe_catboost,oot,brier,0.2173403853678054,0.21734038536780548,8.326672684688674e-17,1e-12,pass
fbv1-033-homecredit-lr-rfe-catboost-s42,homecredit,lr,rfe_catboost,oot,lift_at_10,3.120139928476381,3.120139928476381,0.0,1e-12,pass
fbv1-034-homecredit-catboost-rfe-catboost-s42,homecredit,catboost,rfe_catboost,dev,auc,0.948042398379034,0.948042398379034,0.0,1e-12,pass
fbv1-034-homecredit-catboost-rfe-catboost-s42,homecredit,catboost,rfe_catboost,dev,gini,0.8960847967580681,0.8960847967580681,0.0,1e-12,pass
fbv1-034-homecredit-catboost-rfe-catboost-s42,homecredit,catboost,rfe_catboost,dev,ks,0.768868216145568,0.768868216145568,0.0,1e-12,pass
fbv1-034-homecredit-catboost-rfe-catboost-s42,homecredit,catboost,rfe_catboost,dev,log_loss,0.3813766002855887,0.38137660028558873,5.551115123125783e-17,1e-12,pass
fbv1-034-homecredit-catboost-rfe-catboost-s42,homecredit,catboost,rfe_catboost,dev,brier,0.1167063178758225,0.11670631787582254,4.163336342344337e-17,1e-12,pass
fbv1-034-homecredit-catboost-rfe-catboost-s42,homecredit,catboost,rfe_catboost,oot,auc,0.7814255198969775,0.7814255198969775,0.0,1e-12,pass
fbv1-034-homecredit-catboost-rfe-catboost-s42,homecredit,catboost,rfe_catboost,oot,gini,0.562851039793955,0.562851039793955,0.0,1e-12,pass
fbv1-034-homecredit-catboost-rfe-catboost-s42,homecredit,catboost,rfe_catboost,oot,ks,0.4226165305857904,0.4226165305857904,0.0,1e-12,pass
fbv1-034-homecredit-catboost-rfe-catboost-s42,homecredit,catboost,rfe_catboost,oot,log_loss,0.4580557805868537,0.45805578058685376,5.551115123125783e-17,1e-12,pass
fbv1-034-homecredit-catboost-rfe-catboost-s42,homecredit,catboost,rfe_catboost,oot,brier,0.1486872170547349,0.14868721705473495,5.551115123125783e-17,1e-12,pass
fbv1-034-homecredit-catboost-rfe-catboost-s42,homecredit,catboost,rfe_catboost,oot,lift_at_10,3.580442430668399,3.580442430668399,0.0,1e-12,pass
fbv1-035-lendingclub_v2-lr-rfe-catboost-s42,lendingclub_v2,lr,rfe_catboost,dev,auc,0.7181819321491769,0.7181819321491769,0.0,1e-12,pass
fbv1-035-lendingclub_v2-lr-rfe-catboost-s42,lendingclub_v2,lr,rfe_catboost,dev,gini,0.4363638642983538,0.43636386429835383,5.551115123125783e-17,1e-12,pass
fbv1-035-lendingclub_v2-lr-rfe-catboost-s42,lendingclub_v2,lr,rfe_catboost,dev,ks,0.3160810072401867,0.3160810072401867,0.0,1e-12,pass
fbv1-035-lendingclub_v2-lr-rfe-catboost-s42,lendingclub_v2,lr,rfe_catboost,dev,log_loss,0.6164634696578545,0.6164634696578545,0.0,1e-12,pass
fbv1-035-lendingclub_v2-lr-rfe-catboost-s42,lendingclub_v2,lr,rfe_catboost,dev,brier,0.2136839434517239,0.21368394345172395,5.551115123125783e-17,1e-12,pass
fbv1-035-lendingclub_v2-lr-rfe-catboost-s42,lendingclub_v2,lr,rfe_catboost,oot,auc,0.6988805926231895,0.6988805926231895,0.0,1e-12,pass
fbv1-035-lendingclub_v2-lr-rfe-catboost-s42,lendingclub_v2,lr,rfe_catboost,oot,gini,0.3977611852463789,0.39776118524637893,5.551115123125783e-17,1e-12,pass
fbv1-035-lendingclub_v2-lr-rfe-catboost-s42,lendingclub_v2,lr,rfe_catboost,oot,ks,0.2845241694186147,0.28452416941861475,5.551115123125783e-17,1e-12,pass
fbv1-035-lendingclub_v2-lr-rfe-catboost-s42,lendingclub_v2,lr,rfe_catboost,oot,log_loss,0.6115350886954531,0.6115350886954531,0.0,1e-12,pass
fbv1-035-lendingclub_v2-lr-rfe-catboost-s42,lendingclub_v2,lr,rfe_catboost,oot,brier,0.2108816515862841,0.21088165158628414,2.7755575615628914e-17,1e-12,pass
fbv1-035-lendingclub_v2-lr-rfe-catboost-s42,lendingclub_v2,lr,rfe_catboost,oot,lift_at_10,2.1505230053602897,2.1505230053602897,0.0,1e-12,pass
fbv1-036-lendingclub_v2-catboost-rfe-catboost-s42,lendingclub_v2,catboost,rfe_catboost,dev,auc,0.7839253608251465,0.7839253608251465,0.0,1e-12,pass
fbv1-036-lendingclub_v2-catboost-rfe-catboost-s42,lendingclub_v2,catboost,rfe_catboost,dev,gini,0.567850721650293,0.567850721650293,0.0,1e-12,pass
fbv1-036-lendingclub_v2-catboost-rfe-catboost-s42,lendingclub_v2,catboost,rfe_catboost,dev,ks,0.4231583864281649,0.42315838642816483,5.551115123125783e-17,1e-12,pass
fbv1-036-lendingclub_v2-catboost-rfe-catboost-s42,lendingclub_v2,catboost,rfe_catboost,dev,log_loss,0.5670655513434463,0.5670655513434463,0.0,1e-12,pass
fbv1-036-lendingclub_v2-catboost-rfe-catboost-s42,lendingclub_v2,catboost,rfe_catboost,dev,brier,0.1927583678132433,0.19275836781324332,2.7755575615628914e-17,1e-12,pass
fbv1-036-lendingclub_v2-catboost-rfe-catboost-s42,lendingclub_v2,catboost,rfe_catboost,oot,auc,0.7189617673749171,0.7189617673749171,0.0,1e-12,pass
fbv1-036-lendingclub_v2-catboost-rfe-catboost-s42,lendingclub_v2,catboost,rfe_catboost,oot,gini,0.4379235347498342,0.43792353474983425,5.551115123125783e-17,1e-12,pass
fbv1-036-lendingclub_v2-catboost-rfe-catboost-s42,lendingclub_v2,catboost,rfe_catboost,oot,ks,0.3152876574354976,0.31528765743549764,5.551115123125783e-17,1e-12,pass
fbv1-036-lendingclub_v2-catboost-rfe-catboost-s42,lendingclub_v2,catboost,rfe_catboost,oot,log_loss,0.5847023315747076,0.5847023315747076,0.0,1e-12,pass
fbv1-036-lendingclub_v2-catboost-rfe-catboost-s42,lendingclub_v2,catboost,rfe_catboost,oot,brier,0.2005710406327235,0.20057104063272352,2.7755575615628914e-17,1e-12,pass
fbv1-036-lendingclub_v2-catboost-rfe-catboost-s42,lendingclub_v2,catboost,rfe_catboost,oot,lift_at_10,2.256452160073158,2.2564521600731586,4.440892098500626e-16,1e-12,pass
