family_id,dataset,model,split,method_a,method_b,direction_convention,ordered_identity_target_sha256,aligned_row_count,positive_count,negative_count,auc_a,auc_b,delta_auc,delta_gini,delong_variance,delong_z,delong_raw_p,delong_valid,bootstrap_auc_point,bootstrap_ci95_lower,bootstrap_ci95_upper,bootstrap_seed,bootstrap_attempted,bootstrap_valid,bootstrap_interval_valid,dev_fold_auc_deltas,dev_folds_same_oot_direction,feature_count_a,feature_count_b,feature_count_comparability,natural_support_caveat,holm_family_size,holm_adjusted_p,holm_reject_0_05,bootstrap_ci_excludes_zero,evidence_strength,interpretation_limit
baseline_vs_full_features__homecredit__lr,homecredit,lr,oot,iv_woe,full_features,method_a_minus_method_b,f5045e863d8debb0b80a5f67d62dcc27f62d80660b6395d4a41b1e05b07b07be,120053,10688,109365,0.7381468221833661,0.7714957527511156,-0.03334893056774946,-0.06669786113549891,3.20393685207914e-06,-18.63116180933021,1.795834278221497e-77,True,-0.03334893056774946,-0.0366793658602422,-0.029904411266874507,20260721,2000,2000,True,-0.00359056780305|-0.0184415938743|-0.0280668069354|-0.0345267258924|-0.0370260370071,5,20,529,different_counts,False,7,1.0775005669328981e-76,True,True,strong,natural-support/count mismatch; non-significance is not equivalence
baseline_vs_full_features__homecredit__lr,homecredit,lr,oot,mrmr_mutual_information,full_features,method_a_minus_method_b,f5045e863d8debb0b80a5f67d62dcc27f62d80660b6395d4a41b1e05b07b07be,120053,10688,109365,0.7351157546380289,0.7714957527511156,-0.036379998113086676,-0.07275999622617335,3.2796303073032215e-06,-20.088625689476856,9.279515893241669e-90,True,-0.036379998113086676,-0.039831885827166125,-0.033077638516257196,20260721,2000,2000,True,-0.00509728641856|-0.0228196252846|-0.0287386398542|-0.0338262074319|-0.0327002946912,5,20,529,different_counts,False,7,6.495661125269168e-89,True,True,strong,natural-support/count mismatch; non-significance is not equivalence
baseline_vs_full_features__homecredit__lr,homecredit,lr,oot,lasso_l1_logistic,full_features,method_a_minus_method_b,f5045e863d8debb0b80a5f67d62dcc27f62d80660b6395d4a41b1e05b07b07be,120053,10688,109365,0.7453493532411244,0.7714957527511156,-0.026146399509991203,-0.052292799019982406,2.7698779287216127e-06,-15.71019508224299,1.287822333496075e-55,True,-0.026146399509991203,-0.029318575508426346,-0.022850392985459676,20260721,2000,2000,True,0.0222584555314|-0.00393697952|-0.00670459584666|-0.00759818295281|-0.0242798637079,4,20,529,different_counts,True,7,3.863467000488225e-55,True,True,strong,natural-support/count mismatch; non-significance is not equivalence
baseline_vs_full_features__homecredit__lr,homecredit,lr,oot,legacy_rf_relevance_corr,full_features,method_a_minus_method_b,f5045e863d8debb0b80a5f67d62dcc27f62d80660b6395d4a41b1e05b07b07be,120053,10688,109365,0.7447520668100092,0.7714957527511156,-0.026743685941106432,-0.053487371882212864,2.8783321213868433e-06,-15.763433225448589,5.5532467489537635e-56,True,-0.026743685941106432,-0.029934858725577936,-0.023492819664299152,20260721,2000,2000,True,0.00299188443191|-0.010583195187|-0.0170050729492|-0.020870911969|-0.0290429950661,4,20,529,different_counts,False,7,2.2212986995815054e-55,True,True,strong,natural-support/count mismatch; non-significance is not equivalence
baseline_vs_full_features__homecredit__lr,homecredit,lr,oot,catboost_shap,full_features,method_a_minus_method_b,f5045e863d8debb0b80a5f67d62dcc27f62d80660b6395d4a41b1e05b07b07be,120053,10688,109365,0.7501298442067997,0.7714957527511156,-0.02136590854431586,-0.04273181708863172,2.573432467539309e-06,-13.318796310414388,1.7998593645845027e-40,True,-0.02136590854431586,-0.024410032843721403,-0.018328302077781033,20260721,2000,2000,True,0.0142991946718|-0.00286431398689|-0.00887671758486|-0.00932519807199|-0.0224453683621,4,20,529,different_counts,False,7,1.7998593645845027e-40,True,True,strong,natural-support/count mismatch; non-significance is not equivalence
baseline_vs_full_features__homecredit__lr,homecredit,lr,oot,boruta_random_forest,full_features,method_a_minus_method_b,f5045e863d8debb0b80a5f67d62dcc27f62d80660b6395d4a41b1e05b07b07be,120053,10688,109365,0.7397382371452405,0.7714957527511156,-0.03175751560587514,-0.06351503121175028,3.0680559034479383e-06,-18.130713105998275,1.8237866772241132e-73,True,-0.03175751560587514,-0.035148346785974706,-0.02834546053278157,20260721,2000,2000,True,-0.00228237221773|-0.0204367359952|-0.0303354813955|-0.0274071854576|-0.0317847648893,5,20,529,different_counts,True,7,9.118933386120566e-73,True,True,strong,natural-support/count mismatch; non-significance is not equivalence
baseline_vs_full_features__homecredit__lr,homecredit,lr,oot,rfe_catboost,full_features,method_a_minus_method_b,f5045e863d8debb0b80a5f67d62dcc27f62d80660b6395d4a41b1e05b07b07be,120053,10688,109365,0.7465460931107201,0.7714957527511156,-0.024949659640395527,-0.049899319280791055,2.8241488985276964e-06,-14.84638881540798,7.341841240120039e-50,True,-0.024949659640395527,-0.0282750699653362,-0.02173803822628379,20260721,2000,2000,True,0.00797587035616|-0.00948177454258|-0.0180473391391|-0.0178446836122|-0.0223718816585,4,20,529,different_counts,False,7,1.4683682480240077e-49,True,True,strong,natural-support/count mismatch; non-significance is not equivalence
baseline_vs_random_k__homecredit__lr,homecredit,lr,oot,iv_woe,random_k,method_a_minus_method_b,f5045e863d8debb0b80a5f67d62dcc27f62d80660b6395d4a41b1e05b07b07be,120053,10688,109365,0.7381468221833661,0.6278237662995227,0.11032305588384339,0.22064611176768678,9.542769968232813e-06,35.71322381165411,2.464449685474224e-279,True,0.11032305588384339,0.10451143984832424,0.11608867678167185,20260721,2000,2000,True,0.110857242316|0.125452189896|0.0997667428815|0.093470343864|0.0931406031598,5,20,20,matched,False,7,4.928899370948448e-279,True,True,strong,scoped to this dataset/model/OOT split; non-significance is not equivalence
baseline_vs_random_k__homecredit__lr,homecredit,lr,oot,mrmr_mutual_information,random_k,method_a_minus_method_b,f5045e863d8debb0b80a5f67d62dcc27f62d80660b6395d4a41b1e05b07b07be,120053,10688,109365,0.7351157546380289,0.6278237662995227,0.10729198833850617,0.21458397667701234,9.56239961189516e-06,34.696354727515626,8.941415584572955e-264,True,0.10729198833850617,0.10142105943783804,0.11301636875705112,20260721,2000,2000,True,0.109350523701|0.121074158486|0.0990949099628|0.0941708623246|0.0974663454757,5,20,20,matched,False,7,8.941415584572955e-264,True,True,strong,scoped to this dataset/model/OOT split; non-significance is not equivalence
baseline_vs_random_k__homecredit__lr,homecredit,lr,oot,lasso_l1_logistic,random_k,method_a_minus_method_b,f5045e863d8debb0b80a5f67d62dcc27f62d80660b6395d4a41b1e05b07b07be,120053,10688,109365,0.7453493532411244,0.6278237662995227,0.11752558694160165,0.2350511738832033,9.691311577964436e-06,37.75210311616419,6.947425852414e-312,True,0.11752558694160165,0.11178235966518471,0.12340904104645606,20260721,2000,2000,True,0.136706265651|0.13995680425|0.12112895397|0.120398886804|0.105886776459,5,20,20,matched,True,7,2.084227755724e-311,True,True,strong,natural-support/count mismatch; non-significance is not equivalence
baseline_vs_random_k__homecredit__lr,homecredit,lr,oot,legacy_rf_relevance_corr,random_k,method_a_minus_method_b,f5045e863d8debb0b80a5f67d62dcc27f62d80660b6395d4a41b1e05b07b07be,120053,10688,109365,0.7447520668100092,0.6278237662995227,0.11692830051048642,0.23385660102097283,9.16296668779595e-06,38.62794315751103,0.0,True,0.11692830051048642,0.11132437891327483,0.12263223406388095,20260721,2000,2000,True,0.117439694551|0.133310588583|0.110828476868|0.107126157787|0.101123645101,5,20,20,matched,False,7,0.0,True,True,strong,scoped to this dataset/model/OOT split; non-significance is not equivalence
baseline_vs_random_k__homecredit__lr,homecredit,lr,oot,catboost_shap,random_k,method_a_minus_method_b,f5045e863d8debb0b80a5f67d62dcc27f62d80660b6395d4a41b1e05b07b07be,120053,10688,109365,0.7501298442067997,0.6278237662995227,0.12230607790727699,0.24461215581455398,9.71838579421167e-06,39.23295063380201,0.0,True,0.12230607790727699,0.11653678003725432,0.12834973792342963,20260721,2000,2000,True,0.128747004791|0.141029469784|0.118956832232|0.118671871684|0.107721271805,5,20,20,matched,False,7,0.0,True,True,strong,scoped to this dataset/model/OOT split; non-significance is not equivalence
baseline_vs_random_k__homecredit__lr,homecredit,lr,oot,boruta_random_forest,random_k,method_a_minus_method_b,f5045e863d8debb0b80a5f67d62dcc27f62d80660b6395d4a41b1e05b07b07be,120053,10688,109365,0.7397382371452405,0.6278237662995227,0.1119144708457177,0.2238289416914354,8.694717613593316e-06,37.95408315978356,3.30431306e-315,True,0.1119144708457177,0.10648777151455903,0.11739870938756142,20260721,2000,2000,True,0.112165437902|0.123457047775|0.0974980684214|0.100589884299|0.0983818752776,5,20,20,matched,True,7,1.321725224e-314,True,True,strong,natural-support/count mismatch; non-significance is not equivalence
baseline_vs_random_k__homecredit__lr,homecredit,lr,oot,rfe_catboost,random_k,method_a_minus_method_b,f5045e863d8debb0b80a5f67d62dcc27f62d80660b6395d4a41b1e05b07b07be,120053,10688,109365,0.7465460931107201,0.6278237662995227,0.11872232681119732,0.23744465362239464,9.55485043205333e-06,38.407890347207655,1e-322,True,0.11872232681119732,0.11297003588531684,0.12445922129090806,20260721,2000,2000,True,0.122423680476|0.134412009228|0.109786210678|0.110152386144|0.107794758508,5,20,20,matched,False,7,4.94e-322,True,True,strong,scoped to this dataset/model/OOT split; non-significance is not equivalence
baseline_vs_full_features__homecredit__catboost,homecredit,catboost,oot,iv_woe,full_features,method_a_minus_method_b,f5045e863d8debb0b80a5f67d62dcc27f62d80660b6395d4a41b1e05b07b07be,120053,10688,109365,0.7685707064474809,0.78603200864079,-0.017461302193309103,-0.034922604386618206,1.1161338639674488e-06,-16.52793080555247,2.3093623763476493e-61,True,-0.017461302193309103,-0.01938343841051953,-0.015389925449300275,20260721,2000,2000,True,-0.022576408751|-0.0192577764308|-0.0177045822182|-0.0249454258285|-0.0211740483901,5,40,529,different_counts,False,7,9.237449505390597e-61,True,True,strong,natural-support/count mismatch; non-significance is not equivalence
baseline_vs_full_features__homecredit__catboost,homecredit,catboost,oot,mrmr_mutual_information,full_features,method_a_minus_method_b,f5045e863d8debb0b80a5f67d62dcc27f62d80660b6395d4a41b1e05b07b07be,120053,10688,109365,0.759898780138256,0.78603200864079,-0.026133228502534078,-0.052266457005068157,1.5749743263963077e-06,-20.82362462752967,2.6440851253757543e-96,True,-0.026133228502534078,-0.02864885925156269,-0.023636320701417086,20260721,2000,2000,True,-0.027927138291|-0.0285526690342|-0.0349785560703|-0.0365416005999|-0.0378594430319,5,40,529,different_counts,False,7,1.5864510752254527e-95,True,True,strong,natural-support/count mismatch; non-significance is not equivalence
baseline_vs_full_features__homecredit__catboost,homecredit,catboost,oot,lasso_l1_logistic,full_features,method_a_minus_method_b,f5045e863d8debb0b80a5f67d62dcc27f62d80660b6395d4a41b1e05b07b07be,120053,10688,109365,0.7742262072686338,0.78603200864079,-0.011805801372156255,-0.02361160274431251,8.980395129774852e-07,-12.457983440978888,1.2652970627064044e-35,True,-0.011805801372156255,-0.013584768297720803,-0.009975777041103558,20260721,2000,2000,True,-0.011701983515|-0.00827679344236|-0.00939025016695|-0.00917224893057|-0.011944929637,5,40,529,different_counts,True,7,3.795891188119213e-35,True,True,strong,natural-support/count mismatch; non-significance is not equivalence
baseline_vs_full_features__homecredit__catboost,homecredit,catboost,oot,legacy_rf_relevance_corr,full_features,method_a_minus_method_b,f5045e863d8debb0b80a5f67d62dcc27f62d80660b6395d4a41b1e05b07b07be,120053,10688,109365,0.7698045497949376,0.78603200864079,-0.016227458845852416,-0.03245491769170483,9.57450850233217e-07,-16.584113899491427,9.079497019269274e-62,True,-0.016227458845852416,-0.018139157175465243,-0.014353982081783508,20260721,2000,2000,True,-0.0227541699105|-0.020204644923|-0.0166650417294|-0.0168523180624|-0.0204597958062,5,40,529,different_counts,False,7,4.539748509634637e-61,True,True,strong,natural-support/count mismatch; non-significance is not equivalence
baseline_vs_full_features__homecredit__catboost,homecredit,catboost,oot,catboost_shap,full_features,method_a_minus_method_b,f5045e863d8debb0b80a5f67d62dcc27f62d80660b6395d4a41b1e05b07b07be,120053,10688,109365,0.7795351956558698,0.78603200864079,-0.006496812984920219,-0.012993625969840439,7.42958539126639e-07,-7.537339479317397,4.7965649773037306e-14,True,-0.006496812984920219,-0.008259533108553162,-0.004807131232836715,20260721,2000,2000,True,-0.0117150338337|-0.0116276312964|-0.00183198568378|-0.00720764521648|-0.00665455503992,5,40,529,different_counts,False,7,9.593129954607461e-14,True,True,strong,natural-support/count mismatch; non-significance is not equivalence
baseline_vs_full_features__homecredit__catboost,homecredit,catboost,oot,boruta_random_forest,full_features,method_a_minus_method_b,f5045e863d8debb0b80a5f67d62dcc27f62d80660b6395d4a41b1e05b07b07be,120053,10688,109365,0.7542024954343132,0.78603200864079,-0.03182951320647687,-0.06365902641295373,1.9863139807048418e-06,-22.58426946490737,6.187343436921721e-113,True,-0.03182951320647687,-0.0345040379312011,-0.028977986563048685,20260721,2000,2000,True,-0.0296604578951|-0.0356619103329|-0.0336678607334|-0.0429418243557|-0.031754034086,5,40,529,different_counts,True,7,4.3311404058452045e-112,True,True,strong,natural-support/count mismatch; non-significance is not equivalence
baseline_vs_full_features__homecredit__catboost,homecredit,catboost,oot,rfe_catboost,full_features,method_a_minus_method_b,f5045e863d8debb0b80a5f67d62dcc27f62d80660b6395d4a41b1e05b07b07be,120053,10688,109365,0.7814255198969775,0.78603200864079,-0.004606488743812531,-0.009212977487625063,5.246241044195373e-07,-6.359835665292972,2.0196971130365743e-10,True,-0.004606488743812531,-0.00605394997534082,-0.0032312785150108605,20260721,2000,2000,True,-0.0162883796156|-0.0104844710571|-0.00486406613809|-0.00463542231859|-0.0072324754731,5,40,529,different_counts,False,7,2.0196971130365743e-10,True,True,strong,natural-support/count mismatch; non-significance is not equivalence
baseline_vs_random_k__homecredit__catboost,homecredit,catboost,oot,iv_woe,random_k,method_a_minus_method_b,f5045e863d8debb0b80a5f67d62dcc27f62d80660b6395d4a41b1e05b07b07be,120053,10688,109365,0.7685707064474809,0.685393258196267,0.08317744825121398,0.16635489650242796,6.525222916096861e-06,32.56176340853017,1.4271114598060322e-232,True,0.08317744825121398,0.07861306352799827,0.08804137556648461,20260721,2000,2000,True,0.102491345389|0.0921498283236|0.0951387643977|0.0818067138692|0.0687857257518,5,40,40,matched,False,7,4.281334379418097e-232,True,True,strong,scoped to this dataset/model/OOT split; non-significance is not equivalence
baseline_vs_random_k__homecredit__catboost,homecredit,catboost,oot,mrmr_mutual_information,random_k,method_a_minus_method_b,f5045e863d8debb0b80a5f67d62dcc27f62d80660b6395d4a41b1e05b07b07be,120053,10688,109365,0.759898780138256,0.685393258196267,0.074505521941989,0.149011043883978,7.01698117303167e-06,28.12634540654617,4.666433435247515e-174,True,0.074505521941989,0.06957113899772122,0.07964665233892378,20260721,2000,2000,True,0.0971406158495|0.0828549357202|0.0778647905456|0.0702105390978|0.0521003311101,5,40,40,matched,False,7,9.33286687049503e-174,True,True,strong,scoped to this dataset/model/OOT split; non-significance is not equivalence
baseline_vs_random_k__homecredit__catboost,homecredit,catboost,oot,lasso_l1_logistic,random_k,method_a_minus_method_b,f5045e863d8debb0b80a5f67d62dcc27f62d80660b6395d4a41b1e05b07b07be,120053,10688,109365,0.7742262072686338,0.685393258196267,0.08883294907236683,0.17766589814473366,6.499716463156873e-06,34.84390926228986,5.265292633907692e-266,True,0.08883294907236683,0.08423554626405877,0.09364844278919185,20260721,2000,2000,True,0.113365770626|0.103130811312|0.103453096449|0.0975798907672|0.078014844505,5,40,40,matched,True,7,2.6326463169538463e-265,True,True,strong,natural-support/count mismatch; non-significance is not equivalence
baseline_vs_random_k__homecredit__catboost,homecredit,catboost,oot,legacy_rf_relevance_corr,random_k,method_a_minus_method_b,f5045e863d8debb0b80a5f67d62dcc27f62d80660b6395d4a41b1e05b07b07be,120053,10688,109365,0.7698045497949376,0.685393258196267,0.08441129159867067,0.16882258319734134,6.379174443241862e-06,33.420912729827045,6.812624640225691e-245,True,0.08441129159867067,0.07977526507085606,0.08929912589014119,20260721,2000,2000,True,0.10231358423|0.0912029598314|0.0961783048864|0.0898998216353|0.0694999783357,5,40,40,matched,False,7,2.7250498560902765e-244,True,True,strong,scoped to this dataset/model/OOT split; non-significance is not equivalence
baseline_vs_random_k__homecredit__catboost,homecredit,catboost,oot,catboost_shap,random_k,method_a_minus_method_b,f5045e863d8debb0b80a5f67d62dcc27f62d80660b6395d4a41b1e05b07b07be,120053,10688,109365,0.7795351956558698,0.685393258196267,0.09414193745960286,0.18828387491920573,6.715539271608843e-06,36.328100082262786,5.82713164544046e-289,True,0.09414193745960286,0.08941594355307698,0.09914011322309778,20260721,2000,2000,True,0.113352720307|0.099779973458|0.111011360932|0.0995444944813|0.083305219102,5,40,40,matched,False,7,3.496278987264276e-288,True,True,strong,scoped to this dataset/model/OOT split; non-significance is not equivalence
baseline_vs_random_k__homecredit__catboost,homecredit,catboost,oot,boruta_random_forest,random_k,method_a_minus_method_b,f5045e863d8debb0b80a5f67d62dcc27f62d80660b6395d4a41b1e05b07b07be,120053,10688,109365,0.7542024954343132,0.685393258196267,0.06880923723804622,0.13761847447609243,7.640948121970845e-06,24.89276379272623,8.911452626737401e-137,True,0.06880923723804622,0.06365093183198818,0.07381311417505818,20260721,2000,2000,True,0.0954072962453|0.0757456944215|0.0791754858824|0.063810315342|0.058205740056,5,40,40,matched,True,7,8.911452626737401e-137,True,True,strong,natural-support/count mismatch; non-significance is not equivalence
baseline_vs_random_k__homecredit__catboost,homecredit,catboost,oot,rfe_catboost,random_k,method_a_minus_method_b,f5045e863d8debb0b80a5f67d62dcc27f62d80660b6395d4a41b1e05b07b07be,120053,10688,109365,0.7814255198969775,0.685393258196267,0.09603226170071055,0.1920645234014211,6.074964903275592e-06,38.962361422938564,0.0,True,0.09603226170071055,0.09154347360261643,0.1007968047797219,20260721,2000,2000,True,0.108779374525|0.100923133697|0.107979280478|0.102116717379|0.0827272986689,5,40,40,matched,False,7,0.0,True,True,strong,scoped to this dataset/model/OOT split; non-significance is not equivalence
baseline_vs_full_features__lendingclub_v2__lr,lendingclub_v2,lr,oot,iv_woe,full_features,method_a_minus_method_b,e455f6dae0c55f6bd47aaeefde05ef6ad1468aa1053f9be7013b109c2b94c162,293105,68252,224853,0.6821098791687364,0.7108872585675469,-0.02877737939881042,-0.05755475879762084,5.514371629938704e-07,-38.75281249003309,0.0,True,-0.02877737939881042,-0.030145348142296653,-0.0273358852831223,20260721,2000,2000,True,-0.029598631895|-0.0358720025301|-0.0348863524773|-0.0254128207239|-0.0286312708487,5,20,675,different_counts,False,7,0.0,True,True,strong,natural-support/count mismatch; non-significance is not equivalence
baseline_vs_full_features__lendingclub_v2__lr,lendingclub_v2,lr,oot,mrmr_mutual_information,full_features,method_a_minus_method_b,e455f6dae0c55f6bd47aaeefde05ef6ad1468aa1053f9be7013b109c2b94c162,293105,68252,224853,0.6859236290968351,0.7108872585675469,-0.024963629470711735,-0.04992725894142347,5.228213543537149e-07,-34.52479185259723,3.40681151659993e-261,True,-0.024963629470711735,-0.026352988230899342,-0.023557550881343325,20260721,2000,2000,True,-0.0202211552186|-0.0330849634127|-0.0268740258696|-0.025634103196|-0.0318182266438,5,20,675,different_counts,False,7,1.362724606639972e-260,True,True,strong,natural-support/count mismatch; non-significance is not equivalence
baseline_vs_full_features__lendingclub_v2__lr,lendingclub_v2,lr,oot,lasso_l1_logistic,full_features,method_a_minus_method_b,e455f6dae0c55f6bd47aaeefde05ef6ad1468aa1053f9be7013b109c2b94c162,293105,68252,224853,0.6811035325109065,0.7108872585675469,-0.02978372605664037,-0.05956745211328074,6.28938382587114e-07,-37.55562370799455,1.1404812866230145e-308,True,-0.02978372605664037,-0.03126626907413943,-0.028228827700312212,20260721,2000,2000,True,-0.00491532947514|-0.0116809989547|-0.0127713929984|-0.0116935392278|-0.0251637020434,5,20,675,different_counts,True,7,5.702406433115072e-308,True,True,strong,natural-support/count mismatch; non-significance is not equivalence
baseline_vs_full_features__lendingclub_v2__lr,lendingclub_v2,lr,oot,legacy_rf_relevance_corr,full_features,method_a_minus_method_b,e455f6dae0c55f6bd47aaeefde05ef6ad1468aa1053f9be7013b109c2b94c162,293105,68252,224853,0.6915457285238555,0.7108872585675469,-0.019341530043691324,-0.03868306008738265,4.3368811320300664e-07,-29.36987291022112,1.332355548443071e-189,True,-0.019341530043691324,-0.020619774666366997,-0.018000137434043936,20260721,2000,2000,True,-0.00901628463139|-0.0146786174114|-0.0184923536473|-0.0178279636434|-0.0218999382705,5,20,675,different_counts,False,7,3.997066645329213e-189,True,True,strong,natural-support/count mismatch; non-significance is not equivalence
baseline_vs_full_features__lendingclub_v2__lr,lendingclub_v2,lr,oot,catboost_shap,full_features,method_a_minus_method_b,e455f6dae0c55f6bd47aaeefde05ef6ad1468aa1053f9be7013b109c2b94c162,293105,68252,224853,0.6965421682537228,0.7108872585675469,-0.014345090313824027,-0.028690180627648054,3.6484119648944e-07,-23.74932940126518,1.116408924446588e-124,True,-0.014345090313824027,-0.015498819081983656,-0.013123740841574564,20260721,2000,2000,True,-0.00782978401435|-0.0139621997136|-0.0163012065725|-0.0121112080574|-0.0167464640849,5,20,675,different_counts,False,7,2.232817848893176e-124,True,True,strong,natural-support/count mismatch; non-significance is not equivalence
baseline_vs_full_features__lendingclub_v2__lr,lendingclub_v2,lr,oot,boruta_random_forest,full_features,method_a_minus_method_b,e455f6dae0c55f6bd47aaeefde05ef6ad1468aa1053f9be7013b109c2b94c162,293105,68252,224853,0.6557476745180499,0.7108872585675469,-0.055139584049496926,-0.11027916809899385,1.1092288782080987e-06,-52.354365644428036,0.0,True,-0.055139584049496926,-0.057159972511623525,-0.05288113197652427,20260721,2000,2000,True,-0.0614897189742|-0.071082118189|-0.0732319029029|-0.0859748231851|-0.0810326314022,5,20,675,different_counts,True,7,0.0,True,True,strong,natural-support/count mismatch; non-significance is not equivalence
baseline_vs_full_features__lendingclub_v2__lr,lendingclub_v2,lr,oot,rfe_catboost,full_features,method_a_minus_method_b,e455f6dae0c55f6bd47aaeefde05ef6ad1468aa1053f9be7013b109c2b94c162,293105,68252,224853,0.6988805926231895,0.7108872585675469,-0.012006665944357398,-0.024013331888714795,3.515192613623855e-07,-20.25106483730991,3.476435555152627e-91,True,-0.012006665944357398,-0.013146418397619625,-0.010841654338660788,20260721,2000,2000,True,-0.00561815850158|-0.0106303183406|-0.0111592023888|-0.0112337248237|-0.0155136067885,5,20,675,different_counts,False,7,3.476435555152627e-91,True,True,strong,natural-support/count mismatch; non-significance is not equivalence
baseline_vs_random_k__lendingclub_v2__lr,lendingclub_v2,lr,oot,iv_woe,random_k,method_a_minus_method_b,e455f6dae0c55f6bd47aaeefde05ef6ad1468aa1053f9be7013b109c2b94c162,293105,68252,224853,0.6821098791687364,0.6038217755404582,0.0782881036282782,0.1565762072565564,1.926013996767219e-06,56.411292941219216,0.0,True,0.0782881036282782,0.07558481275287537,0.0809821170673875,20260721,2000,2000,True,0.104046898964|0.100318061116|0.100577003894|0.118486851341|0.114950065594,5,20,20,matched,False,7,0.0,True,True,strong,scoped to this dataset/model/OOT split; non-significance is not equivalence
baseline_vs_random_k__lendingclub_v2__lr,lendingclub_v2,lr,oot,mrmr_mutual_information,random_k,method_a_minus_method_b,e455f6dae0c55f6bd47aaeefde05ef6ad1468aa1053f9be7013b109c2b94c162,293105,68252,224853,0.6859236290968351,0.6038217755404582,0.08210185355637689,0.16420370711275378,1.8690006968763985e-06,60.05486988158339,0.0,True,0.08210185355637689,0.0793995942803791,0.08461712249462072,20260721,2000,2000,True,0.11342437564|0.103105100233|0.108589330502|0.118265568869|0.111763109799,5,20,20,matched,False,7,0.0,True,True,strong,scoped to this dataset/model/OOT split; non-significance is not equivalence
baseline_vs_random_k__lendingclub_v2__lr,lendingclub_v2,lr,oot,lasso_l1_logistic,random_k,method_a_minus_method_b,e455f6dae0c55f6bd47aaeefde05ef6ad1468aa1053f9be7013b109c2b94c162,293105,68252,224853,0.6811035325109065,0.6038217755404582,0.07728175697044826,0.1545635139408965,2.022797810693087e-06,54.337637175286496,0.0,True,0.07728175697044826,0.07447559144939589,0.08007619259923682,20260721,2000,2000,True,0.128730201384|0.124509064691|0.122691963373|0.132206132837|0.1184176344,5,20,20,matched,True,7,0.0,True,True,strong,natural-support/count mismatch; non-significance is not equivalence
baseline_vs_random_k__lendingclub_v2__lr,lendingclub_v2,lr,oot,legacy_rf_relevance_corr,random_k,method_a_minus_method_b,e455f6dae0c55f6bd47aaeefde05ef6ad1468aa1053f9be7013b109c2b94c162,293105,68252,224853,0.6915457285238555,0.6038217755404582,0.0877239529833973,0.1754479059667946,1.8099684317469058e-06,65.20526936402794,0.0,True,0.0877239529833973,0.08512775342330811,0.09028358143725786,20260721,2000,2000,True,0.124629246228|0.121511446234|0.116971002724|0.126071708422|0.121681398173,5,20,20,matched,False,7,0.0,True,True,strong,scoped to this dataset/model/OOT split; non-significance is not equivalence
baseline_vs_random_k__lendingclub_v2__lr,lendingclub_v2,lr,oot,catboost_shap,random_k,method_a_minus_method_b,e455f6dae0c55f6bd47aaeefde05ef6ad1468aa1053f9be7013b109c2b94c162,293105,68252,224853,0.6965421682537228,0.6038217755404582,0.0927203927132646,0.1854407854265292,1.850517405637024e-06,68.15985772443928,0.0,True,0.0927203927132646,0.09004883431282815,0.09541028266092255,20260721,2000,2000,True,0.125815746845|0.122227863932|0.119162149799|0.131788464008|0.126834872358,5,20,20,matched,False,7,0.0,True,True,strong,scoped to this dataset/model/OOT split; non-significance is not equivalence
baseline_vs_random_k__lendingclub_v2__lr,lendingclub_v2,lr,oot,boruta_random_forest,random_k,method_a_minus_method_b,e455f6dae0c55f6bd47aaeefde05ef6ad1468aa1053f9be7013b109c2b94c162,293105,68252,224853,0.6557476745180499,0.6038217755404582,0.0519258989775917,0.1038517979551834,1.404000190669048e-06,43.82283207918573,0.0,True,0.0519258989775917,0.049664345333760844,0.05424296289948113,20260721,2000,2000,True,0.0721558118847|0.0651079454568|0.0622314534687|0.0579248488801|0.062548705041,5,20,20,matched,True,7,0.0,True,True,strong,natural-support/count mismatch; non-significance is not equivalence
baseline_vs_random_k__lendingclub_v2__lr,lendingclub_v2,lr,oot,rfe_catboost,random_k,method_a_minus_method_b,e455f6dae0c55f6bd47aaeefde05ef6ad1468aa1053f9be7013b109c2b94c162,293105,68252,224853,0.6988805926231895,0.6038217755404582,0.09505881708273123,0.19011763416546246,1.7791336862968813e-06,71.26694039638494,0.0,True,0.09505881708273123,0.09247393743581934,0.09764848169941609,20260721,2000,2000,True,0.128027372357|0.125559745305|0.124304153983|0.132665947242|0.128067729655,5,20,20,matched,False,7,0.0,True,True,strong,scoped to this dataset/model/OOT split; non-significance is not equivalence
baseline_vs_full_features__lendingclub_v2__catboost,lendingclub_v2,catboost,oot,iv_woe,full_features,method_a_minus_method_b,e455f6dae0c55f6bd47aaeefde05ef6ad1468aa1053f9be7013b109c2b94c162,293105,68252,224853,0.7026727974821896,0.7229733440369056,-0.020300546554716026,-0.04060109310943205,2.078892819533391e-07,-44.52374441442988,0.0,True,-0.020300546554716026,-0.021161989189973814,-0.0194308955964157,20260721,2000,2000,True,-0.0129394283457|-0.0151285851631|-0.0160458465134|-0.0146192905398|-0.0191179705897,5,40,675,different_counts,False,7,0.0,True,True,strong,natural-support/count mismatch; non-significance is not equivalence
baseline_vs_full_features__lendingclub_v2__catboost,lendingclub_v2,catboost,oot,mrmr_mutual_information,full_features,method_a_minus_method_b,e455f6dae0c55f6bd47aaeefde05ef6ad1468aa1053f9be7013b109c2b94c162,293105,68252,224853,0.7020237291842616,0.7229733440369056,-0.020949614852644016,-0.04189922970528803,2.639824570742826e-07,-40.7744873729928,0.0,True,-0.020949614852644016,-0.021952825241527942,-0.019901467328421497,20260721,2000,2000,True,-0.0158799844675|-0.0161447438544|-0.0163998569232|-0.015918797555|-0.0200319308241,5,40,675,different_counts,False,7,0.0,True,True,strong,natural-support/count mismatch; non-significance is not equivalence
baseline_vs_full_features__lendingclub_v2__catboost,lendingclub_v2,catboost,oot,lasso_l1_logistic,full_features,method_a_minus_method_b,e455f6dae0c55f6bd47aaeefde05ef6ad1468aa1053f9be7013b109c2b94c162,293105,68252,224853,0.7096269175074682,0.7229733440369056,-0.013346426529437405,-0.02669285305887481,1.5825636050733157e-07,-33.549373388897315,9.194399559981929e-247,True,-0.013346426529437405,-0.014139296020896915,-0.012566298794905648,20260721,2000,2000,True,-0.00382584126369|-0.00558337058547|-0.00903806326165|-0.0087257721603|-0.00914505695364,5,40,675,different_counts,True,7,2.7583198679945783e-246,True,True,strong,natural-support/count mismatch; non-significance is not equivalence
baseline_vs_full_features__lendingclub_v2__catboost,lendingclub_v2,catboost,oot,legacy_rf_relevance_corr,full_features,method_a_minus_method_b,e455f6dae0c55f6bd47aaeefde05ef6ad1468aa1053f9be7013b109c2b94c162,293105,68252,224853,0.7071937974621152,0.7229733440369056,-0.015779546574790415,-0.03155909314958083,1.494282726655005e-07,-40.820482284833005,0.0,True,-0.015779546574790415,-0.016539100381061274,-0.01502436669219909,20260721,2000,2000,True,-0.00638974994245|-0.0100845195816|-0.0117527233171|-0.012133420402|-0.0151230391056,5,40,675,different_counts,False,7,0.0,True,True,strong,natural-support/count mismatch; non-significance is not equivalence
baseline_vs_full_features__lendingclub_v2__catboost,lendingclub_v2,catboost,oot,catboost_shap,full_features,method_a_minus_method_b,e455f6dae0c55f6bd47aaeefde05ef6ad1468aa1053f9be7013b109c2b94c162,293105,68252,224853,0.7151490967691265,0.7229733440369056,-0.007824247267779083,-0.015648494535558166,9.1656083295149e-08,-25.8441301532384,2.8323606120920995e-147,True,-0.007824247267779083,-0.008380334429862472,-0.007218340284741121,20260721,2000,2000,True,-0.0036305460849|-0.00522181397451|-0.00537578157359|-0.00509605999957|-0.00655471845429,5,40,675,different_counts,False,7,5.664721224184199e-147,True,True,strong,natural-support/count mismatch; non-significance is not equivalence
baseline_vs_full_features__lendingclub_v2__catboost,lendingclub_v2,catboost,oot,boruta_random_forest,full_features,method_a_minus_method_b,e455f6dae0c55f6bd47aaeefde05ef6ad1468aa1053f9be7013b109c2b94c162,293105,68252,224853,0.6857472026449051,0.7229733440369056,-0.037226141392000534,-0.07445228278400107,6.193513471720025e-07,-47.30199733194712,0.0,True,-0.037226141392000534,-0.038793381760476545,-0.035675207099998184,20260721,2000,2000,True,-0.0150532444467|-0.0155025062484|-0.0462808139237|-0.0548072751394|-0.0511571059558,5,40,675,different_counts,True,7,0.0,True,True,strong,natural-support/count mismatch; non-significance is not equivalence
baseline_vs_full_features__lendingclub_v2__catboost,lendingclub_v2,catboost,oot,rfe_catboost,full_features,method_a_minus_method_b,e455f6dae0c55f6bd47aaeefde05ef6ad1468aa1053f9be7013b109c2b94c162,293105,68252,224853,0.7189617673749171,0.7229733440369056,-0.004011576661988481,-0.008023153323976961,6.333247763860107e-08,-15.940496961099688,3.317053656616331e-57,True,-0.004011576661988481,-0.004499390852943733,-0.0035200664225583135,20260721,2000,2000,True,-0.00157994843703|-0.00184359663717|-0.00228747567597|-0.0037301762218|-0.00286876168969,5,40,675,different_counts,False,7,3.317053656616331e-57,True,True,strong,natural-support/count mismatch; non-significance is not equivalence
baseline_vs_random_k__lendingclub_v2__catboost,lendingclub_v2,catboost,oot,iv_woe,random_k,method_a_minus_method_b,e455f6dae0c55f6bd47aaeefde05ef6ad1468aa1053f9be7013b109c2b94c162,293105,68252,224853,0.7026727974821896,0.6718457995837933,0.03082699789839627,0.06165399579679254,8.665920388699746e-07,33.11493335306444,1.8118189705723013e-240,True,0.03082699789839627,0.02894124435933975,0.03276038702354443,20260721,2000,2000,True,0.052970555722|0.0515628884582|0.0487652291231|0.0498445772309|0.0452752116013,5,40,40,matched,False,7,5.435456911716904e-240,True,True,strong,scoped to this dataset/model/OOT split; non-significance is not equivalence
baseline_vs_random_k__lendingclub_v2__catboost,lendingclub_v2,catboost,oot,mrmr_mutual_information,random_k,method_a_minus_method_b,e455f6dae0c55f6bd47aaeefde05ef6ad1468aa1053f9be7013b109c2b94c162,293105,68252,224853,0.7020237291842616,0.6718457995837933,0.03017792960046828,0.06035585920093656,8.566615561148798e-07,32.605044868931074,3.4786851165218317e-233,True,0.03017792960046828,0.02830617490563083,0.032010512133250985,20260721,2000,2000,True,0.0500299996001|0.0505467297669|0.0484112187133|0.0485450702156|0.0443612513669,5,40,40,matched,False,7,6.957370233043663e-233,True,True,strong,scoped to this dataset/model/OOT split; non-significance is not equivalence
baseline_vs_random_k__lendingclub_v2__catboost,lendingclub_v2,catboost,oot,lasso_l1_logistic,random_k,method_a_minus_method_b,e455f6dae0c55f6bd47aaeefde05ef6ad1468aa1053f9be7013b109c2b94c162,293105,68252,224853,0.7096269175074682,0.6718457995837933,0.03778111792367489,0.07556223584734978,8.710470663830409e-07,40.4812573371614,0.0,True,0.03778111792367489,0.03585761275251075,0.0396861918891699,20260721,2000,2000,True,0.062084142804|0.0611081030358|0.0557730123749|0.0557380956104|0.0552481252374,5,40,40,matched,True,7,0.0,True,True,strong,natural-support/count mismatch; non-significance is not equivalence
baseline_vs_random_k__lendingclub_v2__catboost,lendingclub_v2,catboost,oot,legacy_rf_relevance_corr,random_k,method_a_minus_method_b,e455f6dae0c55f6bd47aaeefde05ef6ad1468aa1053f9be7013b109c2b94c162,293105,68252,224853,0.7071937974621152,0.6718457995837933,0.03534799787832188,0.07069599575664376,8.427198224401479e-07,38.50553975203939,0.0,True,0.03534799787832188,0.033493002293181376,0.03725205073447478,20260721,2000,2000,True,0.0595202341252|0.0566069540397|0.0530583523195|0.0523304473687|0.0492701430855,5,40,40,matched,False,7,0.0,True,True,strong,scoped to this dataset/model/OOT split; non-significance is not equivalence
baseline_vs_random_k__lendingclub_v2__catboost,lendingclub_v2,catboost,oot,catboost_shap,random_k,method_a_minus_method_b,e455f6dae0c55f6bd47aaeefde05ef6ad1468aa1053f9be7013b109c2b94c162,293105,68252,224853,0.7151490967691265,0.6718457995837933,0.04330329718533321,0.08660659437066642,8.423128693640244e-07,47.1828583957146,0.0,True,0.04330329718533321,0.041433732690823656,0.04512407240839066,20260721,2000,2000,True,0.0622794379828|0.0614696596468|0.059435294063|0.0593678077711|0.0578384637367,5,40,40,matched,False,7,0.0,True,True,strong,scoped to this dataset/model/OOT split; non-significance is not equivalence
baseline_vs_random_k__lendingclub_v2__catboost,lendingclub_v2,catboost,oot,boruta_random_forest,random_k,method_a_minus_method_b,e455f6dae0c55f6bd47aaeefde05ef6ad1468aa1053f9be7013b109c2b94c162,293105,68252,224853,0.6857472026449051,0.6718457995837933,0.013901403061111761,0.027802806122223522,6.328976703066549e-07,17.47398212252934,2.261453339321954e-68,True,0.013901403061111761,0.012295620574552588,0.015511284706477146,20260721,2000,2000,True,0.050856739621|0.0511889673729|0.0185302617129|0.00965659263128|0.0132360762352,5,40,40,matched,True,7,2.261453339321954e-68,True,True,strong,natural-support/count mismatch; non-significance is not equivalence
baseline_vs_random_k__lendingclub_v2__catboost,lendingclub_v2,catboost,oot,rfe_catboost,random_k,method_a_minus_method_b,e455f6dae0c55f6bd47aaeefde05ef6ad1468aa1053f9be7013b109c2b94c162,293105,68252,224853,0.7189617673749171,0.6718457995837933,0.047115967791123814,0.09423193558224763,8.435297694785208e-07,51.300064264574736,0.0,True,0.047115967791123814,0.04532986393361593,0.04895573018584773,20260721,2000,2000,True,0.0643300356306|0.0648478769841|0.0625235999606|0.0607336915489|0.0615244205013,5,40,40,matched,False,7,0.0,True,True,strong,scoped to this dataset/model/OOT split; non-significance is not equivalence
