run_id,cell_id,cell_index,phase,dataset,fold_or_split,method_id,implementation_id,method_role,evaluation_model,candidate_universe_count,candidate_universe_hash,selected_feature_count,budget_semantics,requested_budget,natural_support,feasibility_state,seed,prediction_sha256,prediction_row_identity_sha256,identity_target_sha256,metric_artifact_sha256,configuration_lock_sha256,auc,gini,ks,lift_at_10,runtime_seconds,peak_process_rss_gib,minimum_available_ram_gib,ram_wait_seconds,warnings,terminal_state
fbv1-001-homecredit-lr-full-features-s42,fbv1-001-homecredit-lr-full-features-s42,1,oot,homecredit,locked_oot,full_features,full_candidate_features_v1,control,lr,529,unsupported_not_persisted_by_prompt_10,529,full_universe,,False,completed,42,4abf2d809d8ba1e2338c47c1035a481a63a020f6d1dee7b4305f9b228bd13739,44dae0bae662ea5ebb863a1fdfe3f68878235f3117cc11e0409f147ddda36f95,f5045e863d8debb0b80a5f67d62dcc27f62d80660b6395d4a41b1e05b07b07be,e61783f1267e84b56b267975da2b77be1cf21d03373c8b2d4ef6902e412dc786,f03647c376fe834f9bb1c3d6834ed42732ef3e7e1047eeff352af49b31ed607f,0.7714957527511155,0.542991505502231,0.41357459867673785,3.3811651278901467,,9.027095794677734,18.385860443115234,0.0,,completed
fbv1-002-homecredit-catboost-full-features-s42,fbv1-002-homecredit-catboost-full-features-s42,2,oot,homecredit,locked_oot,full_features,full_candidate_features_v1,control,catboost,529,unsupported_not_persisted_by_prompt_10,529,full_universe,,False,completed,42,472cfee6590fdfa73d565423b1f1a0f79e531cdaa61e5a47b62cd492abfdd1f7,44dae0bae662ea5ebb863a1fdfe3f68878235f3117cc11e0409f147ddda36f95,f5045e863d8debb0b80a5f67d62dcc27f62d80660b6395d4a41b1e05b07b07be,a6227667ec1c02a3a72e5be13fd05db14c437d1e99d1c5bc7b4f8b63e5474d0d,f03647c376fe834f9bb1c3d6834ed42732ef3e7e1047eeff352af49b31ed607f,0.7860320086407899,0.5720640172815799,0.43423091924777524,3.6253499918578638,,10.453445434570312,14.970687866210938,0.0,,completed
fbv1-003-lendingclub_v2-lr-full-features-s42,fbv1-003-lendingclub_v2-lr-full-features-s42,3,oot,lendingclub_v2,locked_oot,full_features,full_candidate_features_v1,control,lr,675,unsupported_not_persisted_by_prompt_10,675,full_universe,,False,completed,42,5e415a2d976397fa6ca338906205432d7add9071f7209ad2735d31f7d40c126a,58a4c0cae484435637172dabe24671608cf022babfd29425aba0879e68244714,e455f6dae0c55f6bd47aaeefde05ef6ad1468aa1053f9be7013b109c2b94c162,5d65ddfc1e8ca0802aa394ec8f178322a75822f118ae27f520d2837022c4989e,f03647c376fe834f9bb1c3d6834ed42732ef3e7e1047eeff352af49b31ed607f,0.7108872585675469,0.42177451713509373,0.3033897914347885,2.208835320126157,6964.255931599997,22.56481170654297,3.947418212890625,0.0,,completed
fbv1-004-lendingclub_v2-catboost-full-features-s42,fbv1-004-lendingclub_v2-catboost-full-features-s42,4,oot,lendingclub_v2,locked_oot,full_features,full_candidate_features_v1,control,catboost,675,unsupported_not_persisted_by_prompt_10,675,full_universe,,False,completed,42,e4e2b6ab9cceb963620ab54b3966eb4168d538eadfb699860e740135e6d005c4,58a4c0cae484435637172dabe24671608cf022babfd29425aba0879e68244714,e455f6dae0c55f6bd47aaeefde05ef6ad1468aa1053f9be7013b109c2b94c162,2c51e9cd20b2fce80e5926cd0ce6ccd479aca687877952e9b59ce6d59638db04,f03647c376fe834f9bb1c3d6834ed42732ef3e7e1047eeff352af49b31ed607f,0.7229733440369057,0.44594668807381144,0.32027296292361135,2.2867804242855567,14654.651616400006,20.57247543334961,7.130462646484375,0.0,,completed
fbv1-005-homecredit-lr-random-k-s42,fbv1-005-homecredit-lr-random-k-s42,5,oot,homecredit,locked_oot,random_k,random_k_local_generator_v1,control,lr,529,unsupported_not_persisted_by_prompt_10,20,exact_budget,20.0,False,completed,42,8f802d9b560092a87054d73019e68a4212525008dad8e0cc84a17846e43b7000,44dae0bae662ea5ebb863a1fdfe3f68878235f3117cc11e0409f147ddda36f95,f5045e863d8debb0b80a5f67d62dcc27f62d80660b6395d4a41b1e05b07b07be,e4582089f7bb152d5273f1aa1b1b6d4072f7cfd583146884b441255015f47153,f03647c376fe834f9bb1c3d6834ed42732ef3e7e1047eeff352af49b31ed607f,0.6278237662995227,0.2556475325990455,0.18820239441566738,1.8617926409799093,107.38028349999513,7.937736511230469,19.471649169921875,0.0,,completed
fbv1-006-homecredit-catboost-random-k-s42,fbv1-006-homecredit-catboost-random-k-s42,6,oot,homecredit,locked_oot,random_k,random_k_local_generator_v1,control,catboost,529,unsupported_not_persisted_by_prompt_10,40,exact_budget,40.0,False,completed,42,21b025162907616fdee46e2a565f77d9cdf92142de720a6fbf1c22fa8b6bc9d3,44dae0bae662ea5ebb863a1fdfe3f68878235f3117cc11e0409f147ddda36f95,f5045e863d8debb0b80a5f67d62dcc27f62d80660b6395d4a41b1e05b07b07be,557091f4202a85057e4f3a006a41a10cec82bdb302864a9731560bcc856f372a,f03647c376fe834f9bb1c3d6834ed42732ef3e7e1047eeff352af49b31ed607f,0.685393258196267,0.3707865163925339,0.27507697110921486,2.503596536312682,240.53463680000277,7.949802398681641,19.4705810546875,0.0,,completed
fbv1-007-lendingclub_v2-lr-random-k-s42,fbv1-007-lendingclub_v2-lr-random-k-s42,7,oot,lendingclub_v2,locked_oot,random_k,random_k_local_generator_v1,control,lr,675,unsupported_not_persisted_by_prompt_10,20,exact_budget,20.0,False,completed,42,066b749a7600a868f95d1710fcaf6211265abe7ab971b6a5a2339ab1a66117d2,58a4c0cae484435637172dabe24671608cf022babfd29425aba0879e68244714,e455f6dae0c55f6bd47aaeefde05ef6ad1468aa1053f9be7013b109c2b94c162,19e3e33bf44e257295556aa7edbe132501cf81eb79b598d76d2914b2974990a7,f03647c376fe834f9bb1c3d6834ed42732ef3e7e1047eeff352af49b31ed607f,0.6038217755404582,0.20764355108091648,0.14978418008226174,1.4604451095129698,247.9892802999966,24.09133529663086,3.898456573486328,0.0,,completed
fbv1-008-lendingclub_v2-catboost-random-k-s42,fbv1-008-lendingclub_v2-catboost-random-k-s42,8,oot,lendingclub_v2,locked_oot,random_k,random_k_local_generator_v1,control,catboost,675,unsupported_not_persisted_by_prompt_10,40,exact_budget,40.0,False,completed,42,3c5cebb4fed35c00d49e9ec4cb0793231ff39be02d4d3cbd7e73e1a891eee28a,58a4c0cae484435637172dabe24671608cf022babfd29425aba0879e68244714,e455f6dae0c55f6bd47aaeefde05ef6ad1468aa1053f9be7013b109c2b94c162,26508c393f52c4f9c93eb9613318502ebe3ebdfff3d1ac9b2eb6d3fce608f5d8,f03647c376fe834f9bb1c3d6834ed42732ef3e7e1047eeff352af49b31ed607f,0.6718457995837933,0.3436915991675866,0.24773572019907458,1.929434354652518,1297.4817389999953,19.576950073242188,8.13845443725586,0.0,,completed
fbv1-009-homecredit-lr-iv-woe-s42,fbv1-009-homecredit-lr-iv-woe-s42,9,oot,homecredit,locked_oot,iv_woe,iv_woe_quantile_binned_v1,selector,lr,529,unsupported_not_persisted_by_prompt_10,20,exact_budget,20.0,False,completed,42,e95d74e4673b7e9e2a000cd21a33b7791643ff9145b154177366b072d13d4188,44dae0bae662ea5ebb863a1fdfe3f68878235f3117cc11e0409f147ddda36f95,f5045e863d8debb0b80a5f67d62dcc27f62d80660b6395d4a41b1e05b07b07be,2577880815c863f19ab16a49fb04d072a5e8d60c4e03523f0e1970ab02f84cd5,f03647c376fe834f9bb1c3d6834ed42732ef3e7e1047eeff352af49b31ed607f,0.7381468221833661,0.47629364436673227,0.34823220364236557,3.005999877119823,173.79296089999843,7.932334899902344,19.56692123413086,0.0,,completed
fbv1-010-homecredit-catboost-iv-woe-s42,fbv1-010-homecredit-catboost-iv-woe-s42,10,oot,homecredit,locked_oot,iv_woe,iv_woe_quantile_binned_v1,selector,catboost,529,unsupported_not_persisted_by_prompt_10,40,exact_budget,40.0,False,completed,42,d0f96d310507f5383cd5f9c1638c7d59224e2155cdaa1da9338a525a0cb0e91f,44dae0bae662ea5ebb863a1fdfe3f68878235f3117cc11e0409f147ddda36f95,f5045e863d8debb0b80a5f67d62dcc27f62d80660b6395d4a41b1e05b07b07be,cd151cd69666740aee7d10b051b7f4baa5ccecea467b56e147ece3e78b4938c0,f03647c376fe834f9bb1c3d6834ed42732ef3e7e1047eeff352af49b31ed607f,0.7685707064474809,0.5371414128949619,0.4012080599807107,3.4475908954828975,347.0224307000026,7.267284393310547,20.476821899414062,0.0,,completed
fbv1-011-lendingclub_v2-lr-iv-woe-s42,fbv1-011-lendingclub_v2-lr-iv-woe-s42,11,oot,lendingclub_v2,locked_oot,iv_woe,iv_woe_quantile_binned_v1,selector,lr,675,unsupported_not_persisted_by_prompt_10,20,exact_budget,20.0,False,completed,42,842e3c1bd4ac9b7d6eee7258edfd247d8efa3ef943f828442662b3a377889409,58a4c0cae484435637172dabe24671608cf022babfd29425aba0879e68244714,e455f6dae0c55f6bd47aaeefde05ef6ad1468aa1053f9be7013b109c2b94c162,5b04bd81ba212a05cc24f706782090f362eb1db5b4f561074af6d1435907b127,f03647c376fe834f9bb1c3d6834ed42732ef3e7e1047eeff352af49b31ed607f,0.6821098791687363,0.36421975833747267,0.2614113773044076,2.053531165222089,829.5514819000091,23.145084381103516,4.725883483886719,0.0,,completed
fbv1-012-lendingclub_v2-catboost-iv-woe-s42,fbv1-012-lendingclub_v2-catboost-iv-woe-s42,12,oot,lendingclub_v2,locked_oot,iv_woe,iv_woe_quantile_binned_v1,selector,catboost,675,unsupported_not_persisted_by_prompt_10,40,exact_budget,40.0,False,completed,42,9945bd1988e803b2b77e4171c374f037dab9588f5cc8d9732eaeacd19b788a74,58a4c0cae484435637172dabe24671608cf022babfd29425aba0879e68244714,e455f6dae0c55f6bd47aaeefde05ef6ad1468aa1053f9be7013b109c2b94c162,52fb7f3ae21d41a5bf0016ba1b15212e1335562df292313c25fc786e9a992b05,f03647c376fe834f9bb1c3d6834ed42732ef3e7e1047eeff352af49b31ed607f,0.7026727974821897,0.4053455949643794,0.28911512739027084,2.1812908096337376,2189.832045999996,24.440418243408203,3.484119415283203,0.0,,completed
fbv1-013-homecredit-lr-mrmr-mutual-information-s42,fbv1-013-homecredit-lr-mrmr-mutual-information-s42,13,oot,homecredit,locked_oot,mrmr_mutual_information,mrmr_mutual_information_discrete_plugin_v1,selector,lr,529,unsupported_not_persisted_by_prompt_10,20,exact_budget,20.0,False,completed,42,7840376063fc325e5b9fde1db379fd2dbf3e1b7788beb531423cc3cc0500a3e8,44dae0bae662ea5ebb863a1fdfe3f68878235f3117cc11e0409f147ddda36f95,f5045e863d8debb0b80a5f67d62dcc27f62d80660b6395d4a41b1e05b07b07be,969ccbc313b1af5da0f2334759c5afb8d59d0cb1c3af300f62dc6e7d4cb5f33a,f03647c376fe834f9bb1c3d6834ed42732ef3e7e1047eeff352af49b31ed607f,0.7351157546380288,0.4702315092760576,0.34864860441645856,3.0125488964599536,277.0491084000096,7.947971343994141,19.967090606689453,0.0,,completed
fbv1-014-homecredit-catboost-mrmr-mutual-information-s42,fbv1-014-homecredit-catboost-mrmr-mutual-information-s42,14,oot,homecredit,locked_oot,mrmr_mutual_information,mrmr_mutual_information_discrete_plugin_v1,selector,catboost,529,unsupported_not_persisted_by_prompt_10,40,exact_budget,40.0,False,completed,42,51ef8148876dbb9242e46498c0284075c885ba3faa3a3a913c26793ed64e8d47,44dae0bae662ea5ebb863a1fdfe3f68878235f3117cc11e0409f147ddda36f95,f5045e863d8debb0b80a5f67d62dcc27f62d80660b6395d4a41b1e05b07b07be,c76d72b91e4ffd0d11573101a711b3928ba758d6659bb1e9c479a7bfcbf9d34a,f03647c376fe834f9bb1c3d6834ed42732ef3e7e1047eeff352af49b31ed607f,0.759898780138256,0.5197975602765119,0.38675778243951,3.325030676403315,616.9911934999982,7.941749572753906,19.978225708007812,0.0,,completed
fbv1-015-lendingclub_v2-lr-mrmr-mutual-information-s42,fbv1-015-lendingclub_v2-lr-mrmr-mutual-information-s42,15,oot,lendingclub_v2,locked_oot,mrmr_mutual_information,mrmr_mutual_information_discrete_plugin_v1,selector,lr,675,unsupported_not_persisted_by_prompt_10,20,exact_budget,20.0,False,completed,42,cf346ad43a181262591e9dcd4687266fd397355b666785fd7791a950ca4394c3,58a4c0cae484435637172dabe24671608cf022babfd29425aba0879e68244714,e455f6dae0c55f6bd47aaeefde05ef6ad1468aa1053f9be7013b109c2b94c162,57428003e6aaa937ba75fdc1ee931b8ba9630bb47154cb8a5c05a8bc830b3079,f03647c376fe834f9bb1c3d6834ed42732ef3e7e1047eeff352af49b31ed607f,0.6859236290968351,0.37184725819367026,0.2645449885398556,2.0796105421776776,1327.5359159000072,23.827831268310547,3.988269805908203,0.0,,completed
fbv1-016-lendingclub_v2-catboost-mrmr-mutual-information-s42,fbv1-016-lendingclub_v2-catboost-mrmr-mutual-information-s42,16,oot,lendingclub_v2,locked_oot,mrmr_mutual_information,mrmr_mutual_information_discrete_plugin_v1,selector,catboost,675,unsupported_not_persisted_by_prompt_10,40,exact_budget,40.0,False,completed,42,7aa9bfe91d63231e556e03eab86990596fc90bfc6110e9602f18b2843b96aec4,58a4c0cae484435637172dabe24671608cf022babfd29425aba0879e68244714,e455f6dae0c55f6bd47aaeefde05ef6ad1468aa1053f9be7013b109c2b94c162,feb9f43538f1e8062d3fe84815c6c1d2e87ea084ce622d828867b6b26420276d,f03647c376fe834f9bb1c3d6834ed42732ef3e7e1047eeff352af49b31ed607f,0.7020237291842616,0.4040474583685232,0.28714461326582263,2.1768954090232446,3098.527769399996,21.808055877685547,6.242103576660156,0.0,,completed
fbv1-017-homecredit-lr-lasso-l1-logistic-s42,fbv1-017-homecredit-lr-lasso-l1-logistic-s42,17,oot,homecredit,locked_oot,lasso_l1_logistic,lasso_l1_logistic_v1,selector,lr,529,unsupported_not_persisted_by_prompt_10,20,natural_support_or_cap,20.0,True,completed,42,e146bf92ef7e186e0086bc5da008b09a0ba89d90f724fd2aaf13d1913eb48c86,44dae0bae662ea5ebb863a1fdfe3f68878235f3117cc11e0409f147ddda36f95,f5045e863d8debb0b80a5f67d62dcc27f62d80660b6395d4a41b1e05b07b07be,b3a8b21b9d9093c9be654f861f82236892276715e001ea8426c05a4bedaba1c2,f03647c376fe834f9bb1c3d6834ed42732ef3e7e1047eeff352af49b31ed607f,0.7453493532411243,0.49069870648224856,0.3634826681159694,3.049971864117842,402.8792689999973,7.937934875488281,19.728485107421875,0.0,,completed
fbv1-018-homecredit-catboost-lasso-l1-logistic-s42,fbv1-018-homecredit-catboost-lasso-l1-logistic-s42,18,oot,homecredit,locked_oot,lasso_l1_logistic,lasso_l1_logistic_v1,selector,catboost,529,unsupported_not_persisted_by_prompt_10,40,natural_support_or_cap,40.0,True,completed,42,a2cec8a5260736dc1f05e83e3c95c8a504bb6ef1137315f8d4b8c9ff560bfe6e,44dae0bae662ea5ebb863a1fdfe3f68878235f3117cc11e0409f147ddda36f95,f5045e863d8debb0b80a5f67d62dcc27f62d80660b6395d4a41b1e05b07b07be,85718b3c6463c35a4b218b8d81b6fcf2170940b1af7bf49fb7fd54dff17ebdfb,f03647c376fe834f9bb1c3d6834ed42732ef3e7e1047eeff352af49b31ed607f,0.7742262072686338,0.5484524145372676,0.41278949952242,3.496240753438151,569.9616796999908,7.94232177734375,19.841537475585938,0.0,,completed
fbv1-019-lendingclub_v2-lr-lasso-l1-logistic-s42,fbv1-019-lendingclub_v2-lr-lasso-l1-logistic-s42,19,oot,lendingclub_v2,locked_oot,lasso_l1_logistic,lasso_l1_logistic_v1,selector,lr,675,unsupported_not_persisted_by_prompt_10,20,natural_support_or_cap,20.0,True,completed,42,7a1051c67031d12958760a417f69e62ec0ed2298bc9d27c2e5d2b391291dce31,58a4c0cae484435637172dabe24671608cf022babfd29425aba0879e68244714,e455f6dae0c55f6bd47aaeefde05ef6ad1468aa1053f9be7013b109c2b94c162,5ffd29c4c8a7ae81db2f848958775f7a19ce9da49247d5160865d0cbc2c3e436,f03647c376fe834f9bb1c3d6834ed42732ef3e7e1047eeff352af49b31ed607f,0.6811035325109065,0.362207065021813,0.2569709569059342,2.0583661058936307,3296.3518974000035,28.349166870117188,0.2546882629394531,904.262487,,completed
fbv1-020-lendingclub_v2-catboost-lasso-l1-logistic-s42,fbv1-020-lendingclub_v2-catboost-lasso-l1-logistic-s42,20,oot,lendingclub_v2,locked_oot,lasso_l1_logistic,lasso_l1_logistic_v1,selector,catboost,675,unsupported_not_persisted_by_prompt_10,40,natural_support_or_cap,40.0,True,completed,42,46d75206821fc099b2d21d4823d3020258267719bcbd15e9d90a3fcd6d898062,58a4c0cae484435637172dabe24671608cf022babfd29425aba0879e68244714,e455f6dae0c55f6bd47aaeefde05ef6ad1468aa1053f9be7013b109c2b94c162,5cd8f9d048e759a6c76578e13253d93f0f0fc410585854d6d8d97ee7cb2ad176,f03647c376fe834f9bb1c3d6834ed42732ef3e7e1047eeff352af49b31ed607f,0.7096269175074682,0.4192538350149364,0.3006616494792721,2.2059050530524953,5784.314165799995,28.265827178955078,0.3631935119628906,3114.3601440000057,,completed
fbv1-021-homecredit-lr-legacy-rf-relevance-corr-s42,fbv1-021-homecredit-lr-legacy-rf-relevance-corr-s42,21,oot,homecredit,locked_oot,legacy_rf_relevance_corr,rf_relevance_correlation_redundancy,selector,lr,529,unsupported_not_persisted_by_prompt_10,20,exact_budget,20.0,False,completed,42,5692ce58d4585ecd864135b2f94ec5f4230ea46bbc391e125bdb42645906b980,44dae0bae662ea5ebb863a1fdfe3f68878235f3117cc11e0409f147ddda36f95,f5045e863d8debb0b80a5f67d62dcc27f62d80660b6395d4a41b1e05b07b07be,833c7b2cba1fe882021f8d49f18951410c7948600497a7fea84bd88fbf136b70,f03647c376fe834f9bb1c3d6834ed42732ef3e7e1047eeff352af49b31ed607f,0.7447520668100092,0.4895041336200183,0.3597414543769408,3.0948794253073064,1735.0974403,8.860675811767578,8.049022674560547,0.0,,completed
fbv1-022-homecredit-catboost-legacy-rf-relevance-corr-s42,fbv1-022-homecredit-catboost-legacy-rf-relevance-corr-s42,22,oot,homecredit,locked_oot,legacy_rf_relevance_corr,rf_relevance_correlation_redundancy,selector,catboost,529,unsupported_not_persisted_by_prompt_10,40,exact_budget,40.0,False,completed,42,2b9a78d4b86a17b2164bf29e9c475d46ea9ae93528fecd3679522d3a5890860a,44dae0bae662ea5ebb863a1fdfe3f68878235f3117cc11e0409f147ddda36f95,f5045e863d8debb0b80a5f67d62dcc27f62d80660b6395d4a41b1e05b07b07be,093a2b6048d9567da36ff97a87c9289fcde7afa1c4d76568bf2cf7b370898338,f03647c376fe834f9bb1c3d6834ed42732ef3e7e1047eeff352af49b31ed607f,0.7698045497949377,0.5396090995898755,0.4070247209599454,3.4326217084197426,2008.9727562000044,8.572521209716797,6.948833465576172,0.0,,completed
fbv1-023-lendingclub_v2-lr-legacy-rf-relevance-corr-s42,fbv1-023-lendingclub_v2-lr-legacy-rf-relevance-corr-s42,23,oot,lendingclub_v2,locked_oot,legacy_rf_relevance_corr,rf_relevance_correlation_redundancy,selector,lr,675,unsupported_not_persisted_by_prompt_10,20,exact_budget,20.0,False,completed,42,cf99cad0547ee6ac89b4be02ad1aa4d0c7be8e6ce3f69993be09e2743a2fb2a2,58a4c0cae484435637172dabe24671608cf022babfd29425aba0879e68244714,e455f6dae0c55f6bd47aaeefde05ef6ad1468aa1053f9be7013b109c2b94c162,4971b31f97d6142c01bbeeacbb997c5e04f37c02153f5c9383dbd5930f6e8dd5,f03647c376fe834f9bb1c3d6834ed42732ef3e7e1047eeff352af49b31ed607f,0.6915457285238554,0.38309145704771086,0.2746720016199979,2.1078876194385128,1534.392534499988,22.941734313964844,6.128334045410156,0.0,,completed
fbv1-024-lendingclub_v2-catboost-legacy-rf-relevance-corr-s42,fbv1-024-lendingclub_v2-catboost-legacy-rf-relevance-corr-s42,24,oot,lendingclub_v2,locked_oot,legacy_rf_relevance_corr,rf_relevance_correlation_redundancy,selector,catboost,675,unsupported_not_persisted_by_prompt_10,40,exact_budget,40.0,False,completed,42,c252fa5e85d25d93507ce691eb1f1aa0ee6d2edd560546bc1c24e99776ea4b81,58a4c0cae484435637172dabe24671608cf022babfd29425aba0879e68244714,e455f6dae0c55f6bd47aaeefde05ef6ad1468aa1053f9be7013b109c2b94c162,2b7b7e0905a993f20c86ba3d9fc4ec73c9c173d9305af332aaee473a1cd4474d,f03647c376fe834f9bb1c3d6834ed42732ef3e7e1047eeff352af49b31ed607f,0.7071937974621152,0.4143875949242304,0.29724261731089063,2.194916551526264,2482.805767999991,18.612403869628906,10.358451843261719,0.0,,completed
fbv1-025-homecredit-lr-catboost-shap-s42,fbv1-025-homecredit-lr-catboost-shap-s42,25,oot,homecredit,locked_oot,catboost_shap,catboost_native_shap_regular_mean_abs_train_sample_v1,selector,lr,529,unsupported_not_persisted_by_prompt_10,20,exact_budget,20.0,False,completed,42,880ec9c9eeee514cf53dcd46c93a2bcc60fc56b9a341694d8933e74f82e59086,44dae0bae662ea5ebb863a1fdfe3f68878235f3117cc11e0409f147ddda36f95,f5045e863d8debb0b80a5f67d62dcc27f62d80660b6395d4a41b1e05b07b07be,2d154df379f51859341e5d9f30813e2a132bbd4ac9abcc13f73e5956f9149027,f03647c376fe834f9bb1c3d6834ed42732ef3e7e1047eeff352af49b31ed607f,0.7501298442067997,0.5002596884135995,0.3703826437099741,3.12388222524217,259.12606850000157,7.933174133300781,20.86617660522461,0.0,,completed
fbv1-026-homecredit-catboost-catboost-shap-s42,fbv1-026-homecredit-catboost-catboost-shap-s42,26,oot,homecredit,locked_oot,catboost_shap,catboost_native_shap_regular_mean_abs_train_sample_v1,selector,catboost,529,unsupported_not_persisted_by_prompt_10,40,exact_budget,40.0,False,completed,42,8ac6b8bb2538e0b80ac2ccc689c8a8748e2227faaf680d650f86d8b8c989641a,44dae0bae662ea5ebb863a1fdfe3f68878235f3117cc11e0409f147ddda36f95,f5045e863d8debb0b80a5f67d62dcc27f62d80660b6395d4a41b1e05b07b07be,6cdc478b60d37a53f47c942bb833e4617d196b409e951023efceb39d9606bbe1,f03647c376fe834f9bb1c3d6834ed42732ef3e7e1047eeff352af49b31ed607f,0.7795351956558697,0.5590703913117394,0.4199778214110799,3.5607953726480073,509.43676130000676,7.931484222412109,20.94228744506836,0.0,,completed
fbv1-027-lendingclub_v2-lr-catboost-shap-s42,fbv1-027-lendingclub_v2-lr-catboost-shap-s42,27,oot,lendingclub_v2,locked_oot,catboost_shap,catboost_native_shap_regular_mean_abs_train_sample_v1,selector,lr,675,unsupported_not_persisted_by_prompt_10,20,exact_budget,20.0,False,completed,42,e38928fd5bd6b4e28dfb1bb2a0b7546e7c5189c4d3e866402525109191262931,58a4c0cae484435637172dabe24671608cf022babfd29425aba0879e68244714,e455f6dae0c55f6bd47aaeefde05ef6ad1468aa1053f9be7013b109c2b94c162,c3aed8821ff0fca6662ebf144c0160336c88766af6efc84e88c28513762ebc27,f03647c376fe834f9bb1c3d6834ed42732ef3e7e1047eeff352af49b31ed607f,0.6965421682537228,0.3930843365074457,0.2815476773157388,2.1360181833456644,710.1681345999968,22.364009857177734,6.4377899169921875,0.0,,completed
fbv1-028-lendingclub_v2-catboost-catboost-shap-s42,fbv1-028-lendingclub_v2-catboost-catboost-shap-s42,28,oot,lendingclub_v2,locked_oot,catboost_shap,catboost_native_shap_regular_mean_abs_train_sample_v1,selector,catboost,675,unsupported_not_persisted_by_prompt_10,40,exact_budget,40.0,False,completed,42,c3b20fa84ae0c9b20df281f3c4d0b773cd3b6cfc88539210e8f58c0cdd3ad4c9,58a4c0cae484435637172dabe24671608cf022babfd29425aba0879e68244714,e455f6dae0c55f6bd47aaeefde05ef6ad1468aa1053f9be7013b109c2b94c162,06afecd253616198e592891bb6c0ad56f4914846271f874873354c992712c44a,f03647c376fe834f9bb1c3d6834ed42732ef3e7e1047eeff352af49b31ed607f,0.7151490967691265,0.43029819353825305,0.30863984411599943,2.246928792083758,1860.0032035999902,23.593677520751953,5.030559539794922,0.0,,completed
fbv1-029-homecredit-lr-boruta-random-forest-s42,fbv1-029-homecredit-lr-boruta-random-forest-s42,29,oot,homecredit,locked_oot,boruta_random_forest,boruta_random_forest_confirmed_tentative_v1,selector,lr,529,unsupported_not_persisted_by_prompt_10,20,natural_support_or_cap,20.0,True,completed,42,7f48947c4fe53b0324ef4f8ae830d3027d7acc511e335fb78444830c0e4f8f3e,44dae0bae662ea5ebb863a1fdfe3f68878235f3117cc11e0409f147ddda36f95,f5045e863d8debb0b80a5f67d62dcc27f62d80660b6395d4a41b1e05b07b07be,c008f1cfaabdfa066e512aa100c69861094006df2ea960627a56c0983476e9d2,f03647c376fe834f9bb1c3d6834ed42732ef3e7e1047eeff352af49b31ed607f,0.7397382371452405,0.4794764742904809,0.3534461568222764,3.034067102863239,1634.0049351000052,7.9321136474609375,21.01412582397461,0.0,,completed
fbv1-030-homecredit-catboost-boruta-random-forest-s42,fbv1-030-homecredit-catboost-boruta-random-forest-s42,30,oot,homecredit,locked_oot,boruta_random_forest,boruta_random_forest_confirmed_tentative_v1,selector,catboost,529,unsupported_not_persisted_by_prompt_10,40,natural_support_or_cap,40.0,True,completed,42,216ba2735bec1204a3acaf15da6bd4653da5de8aebdeb75ddbcfe3257158d853,44dae0bae662ea5ebb863a1fdfe3f68878235f3117cc11e0409f147ddda36f95,f5045e863d8debb0b80a5f67d62dcc27f62d80660b6395d4a41b1e05b07b07be,f7ea47a61bf3e4eddb937b07e6afde1798bc85daaac7fb4a87a80be4d41f6de1,f03647c376fe834f9bb1c3d6834ed42732ef3e7e1047eeff352af49b31ed607f,0.7542024954343132,0.5084049908686263,0.37607838259840215,3.253927037853329,1792.593071700001,7.948005676269531,20.818012237548828,0.0,,completed
fbv1-031-lendingclub_v2-lr-boruta-random-forest-s42,fbv1-031-lendingclub_v2-lr-boruta-random-forest-s42,31,oot,lendingclub_v2,locked_oot,boruta_random_forest,boruta_random_forest_confirmed_tentative_v1,selector,lr,675,unsupported_not_persisted_by_prompt_10,20,natural_support_or_cap,20.0,True,completed,42,2ced6041a6843861a8d79a26888e6095e9b1ea6893d59224d0f509eaffc1633f,58a4c0cae484435637172dabe24671608cf022babfd29425aba0879e68244714,e455f6dae0c55f6bd47aaeefde05ef6ad1468aa1053f9be7013b109c2b94c162,74108c5ec9a3c024f31ad940bd27ff09c7b6c8248a94fff04bec117cbecc637b,f03647c376fe834f9bb1c3d6834ed42732ef3e7e1047eeff352af49b31ed607f,0.6557476745180499,0.3114953490360999,0.2258422405944599,1.7908327220683216,9776.028963799996,20.80652618408203,7.971336364746094,0.0,,completed
fbv1-032-lendingclub_v2-catboost-boruta-random-forest-s42,fbv1-032-lendingclub_v2-catboost-boruta-random-forest-s42,32,oot,lendingclub_v2,locked_oot,boruta_random_forest,boruta_random_forest_confirmed_tentative_v1,selector,catboost,675,unsupported_not_persisted_by_prompt_10,40,natural_support_or_cap,40.0,True,completed,42,163fa502c3328b2b0881c66457504b5cb8cc9ab5fbdaa9afcacaf1d19623b021,58a4c0cae484435637172dabe24671608cf022babfd29425aba0879e68244714,e455f6dae0c55f6bd47aaeefde05ef6ad1468aa1053f9be7013b109c2b94c162,4c57acb4976b6e95ffec9911275f4764e6f8b4af8dfc990d52a589b8318d93ed,f03647c376fe834f9bb1c3d6834ed42732ef3e7e1047eeff352af49b31ed607f,0.6857472026449052,0.37149440528981037,0.26734771450786676,2.023788954424423,10925.2643598,24.329204559326172,4.931980133056641,0.0,,completed
fbv1-033-homecredit-lr-rfe-catboost-s42,fbv1-033-homecredit-lr-rfe-catboost-s42,33,oot,homecredit,locked_oot,rfe_catboost,rfe_catboost_fractional_step_v1,selector,lr,529,unsupported_not_persisted_by_prompt_10,20,exact_budget,20.0,False,completed,42,0891fa4ec4bed77875b966f2c4edd8f065fa1663e19da33137047a675ff7871a,44dae0bae662ea5ebb863a1fdfe3f68878235f3117cc11e0409f147ddda36f95,f5045e863d8debb0b80a5f67d62dcc27f62d80660b6395d4a41b1e05b07b07be,92f50d2dc6c6da6cfd5aa90aa0f0539503e553fb62f9b205f64452a9928e489a,f03647c376fe834f9bb1c3d6834ed42732ef3e7e1047eeff352af49b31ed607f,0.74654609311072,0.4930921862214399,0.36561195432478893,3.120139928476381,1192.3337299000123,7.913097381591797,19.93292999267578,0.0,,completed
fbv1-034-homecredit-catboost-rfe-catboost-s42,fbv1-034-homecredit-catboost-rfe-catboost-s42,34,oot,homecredit,locked_oot,rfe_catboost,rfe_catboost_fractional_step_v1,selector,catboost,529,unsupported_not_persisted_by_prompt_10,40,exact_budget,40.0,False,completed,42,ecb537c2d9f95ec9dd46aac0b328755b26b3057d8b4e23944d456d240dcdd641,44dae0bae662ea5ebb863a1fdfe3f68878235f3117cc11e0409f147ddda36f95,f5045e863d8debb0b80a5f67d62dcc27f62d80660b6395d4a41b1e05b07b07be,00d834f8623b9fa961c089d74eef7b58ab546a32737f50d026210b59801b93aa,f03647c376fe834f9bb1c3d6834ed42732ef3e7e1047eeff352af49b31ed607f,0.7814255198969775,0.562851039793955,0.4226165305857904,3.580442430668399,1229.1710830999946,7.942543029785156,20.050033569335938,0.0,,completed
fbv1-035-lendingclub_v2-lr-rfe-catboost-s42,fbv1-035-lendingclub_v2-lr-rfe-catboost-s42,35,oot,lendingclub_v2,locked_oot,rfe_catboost,rfe_catboost_fractional_step_v1,selector,lr,675,unsupported_not_persisted_by_prompt_10,20,exact_budget,20.0,False,completed,42,86cbca39ca42f5362b678a645aeec66e07acdbe445767cce2b2d974a6be48ae1,58a4c0cae484435637172dabe24671608cf022babfd29425aba0879e68244714,e455f6dae0c55f6bd47aaeefde05ef6ad1468aa1053f9be7013b109c2b94c162,855675ab6b4a9eddec76bfad6b094e6eb528ba10b8fd14ff8b45ee30c603b2ea,f03647c376fe834f9bb1c3d6834ed42732ef3e7e1047eeff352af49b31ed607f,0.6988805926231895,0.39776118524637893,0.28452416941861475,2.1505230053602897,3191.1085504000075,20.93954849243164,6.934268951416016,0.0,,completed
fbv1-036-lendingclub_v2-catboost-rfe-catboost-s42,fbv1-036-lendingclub_v2-catboost-rfe-catboost-s42,36,oot,lendingclub_v2,locked_oot,rfe_catboost,rfe_catboost_fractional_step_v1,selector,catboost,675,unsupported_not_persisted_by_prompt_10,40,exact_budget,40.0,False,completed,42,296051843bac7c43ff2032e8861a3769868f4923bf16e6a0b1c4013efb88bb42,58a4c0cae484435637172dabe24671608cf022babfd29425aba0879e68244714,e455f6dae0c55f6bd47aaeefde05ef6ad1468aa1053f9be7013b109c2b94c162,7adeb0939d9383ef235420426b82fa6ff5be0148eba0cea538412f75728135df,f03647c376fe834f9bb1c3d6834ed42732ef3e7e1047eeff352af49b31ed607f,0.7189617673749171,0.43792353474983425,0.31528765743549764,2.2564521600731586,4420.073640199989,23.280921936035156,5.8183746337890625,0.0,,completed
