path,category,size_bytes,sha256_or_directory_digest,reason,replacement_path,registry_references,manifest_references,pending_task_dependency,deletion_confidence
.pytest_cache,TEMPORARY_OR_CACHE,698,864be1d9872a9b2e0c5a46f95298fee9f83810c2c8436dec9a75e8747a5012cc,generated cache or runtime output,,,,NO,HIGH
.pytest_tmp,AMBIGUOUS_REVIEW_REQUIRED,0,e3b0c44298fc1c149afbf4c8996fb92427ae41e4649b934ca495991b7852b855,"Windows ACL denies read, ownership change, permission reset, move, and recursive deletion for the current account",D:/python projects/Research_pre_cleanup_backup_20260704/acl_blocked_caches/.pytest_tmp,,,NO,LOW
.tmp,TEMPORARY_OR_CACHE,17603741,a988a1c0a4bc57d9eefec35e098d55e8a1245425805bf2de788b0b9cfe41e820,generated cache or runtime output,,,,NO,HIGH
.uv-cache,TEMPORARY_OR_CACHE,3545,5dd7efad1f2d6628a9afd7e4ce4ab39bac1afda5eb062b5793ad5c8851261afa,generated cache or runtime output,,,,NO,HIGH
.uv-tools,TEMPORARY_OR_CACHE,1,c0314cc98d6eab66da5b34b4c051b43de6d3d66af44fa59093cabee3fc1e4911,generated cache or runtime output,,,,NO,HIGH
__pycache__,TEMPORARY_OR_CACHE,52797,5d2f064a9270811091993093205395137764a4a5b84460fe2510fbf3babf2b36,generated cache or runtime output,,,,NO,HIGH
_legacy_shim.py,UNUSED_CODE,623,7ef9bced24633cc7ac852750bafcf471e04e1825357041009a8bcd87ae54b677,"tracked legacy implementation, test, config, report, or notebook superseded by active src-layout code and preserved by safety tag",pre-final-repository-cleanup-20260704,,,NO,HIGH
catboost_info,TEMPORARY_OR_CACHE,652605,3a4ae5917f636038d3c8bb5d1eff44ac043e4c8bee15f465e3316eb7a69e7c9b,generated cache or runtime output,,,,NO,HIGH
cleanup/tools/__pycache__,TEMPORARY_OR_CACHE,100304,06b7b0cccfa3368ad830d5866c1102e6ea47419dc147518f1c7bd48fd7f3b73e,generated cache or runtime output,,,,NO,HIGH
config.yaml,UNUSED_CODE,694,7b077d4aea423c942e889092ff53b35ae886a9efef18660b58d5c709e46f31ca,"tracked legacy implementation, test, config, report, or notebook superseded by active src-layout code and preserved by safety tag",pre-final-repository-cleanup-20260704,,,NO,HIGH
configs/clip/contrastive_data.yaml,UNUSED_CODE,2392,c5d18c81a7520780e9c6c7d03d7f5cee4c40e9719415af3bb06bcd9b244c26ca,"tracked legacy implementation, test, config, report, or notebook superseded by active src-layout code and preserved by safety tag",pre-final-repository-cleanup-20260704,,,NO,HIGH
configs/clip/selector.yaml,UNUSED_CODE,1311,10021cbf34abb4b33b00543738327b118e73f122ee3811c369192511259865d7,"tracked legacy implementation, test, config, report, or notebook superseded by active src-layout code and preserved by safety tag",pre-final-repository-cleanup-20260704,,,NO,HIGH
configs/clip/statistical_baseline.yaml,UNUSED_CODE,2280,94a4b98aae8f788b7d8f385b4a3be389ad3dd1529a66ea737e662a5b11418a39,"tracked legacy implementation, test, config, report, or notebook superseded by active src-layout code and preserved by safety tag",pre-final-repository-cleanup-20260704,,,NO,HIGH
configs/clip/training.yaml,UNUSED_CODE,2429,5111f9b0b675e773fdbeb4c2b6ccefdb3325fccd32cff85be7842afd3f5b1a33,"tracked legacy implementation, test, config, report, or notebook superseded by active src-layout code and preserved by safety tag",pre-final-repository-cleanup-20260704,,,NO,HIGH
configs/clip_v2/analysis.yaml,UNUSED_CODE,411,559ec0302d5b495a316b903ab490797b62e7a147c1a85273225d632afbeec327,"tracked legacy implementation, test, config, report, or notebook superseded by active src-layout code and preserved by safety tag",pre-final-repository-cleanup-20260704,,,NO,HIGH
configs/clip_v2/contrastive_data.yaml,UNUSED_CODE,2858,c0774aac489d4c45952f39ef389f529932dde8cf6bd02bc2fa3bd21f25cc1018,"tracked legacy implementation, test, config, report, or notebook superseded by active src-layout code and preserved by safety tag",pre-final-repository-cleanup-20260704,,,NO,HIGH
configs/clip_v2/evaluation.yaml,UNUSED_CODE,444,0e876d9b902f97cb2026cf68261b2ea6d7e23d4a554e3cfe3901a020144fb35e,"tracked legacy implementation, test, config, report, or notebook superseded by active src-layout code and preserved by safety tag",pre-final-repository-cleanup-20260704,,,NO,HIGH
configs/clip_v2/selector.yaml,UNUSED_CODE,1591,8526ec8840492f6c42bb44f874f0c17ea6f70416f42fdb98b21d48a69f5ab7d8,"tracked legacy implementation, test, config, report, or notebook superseded by active src-layout code and preserved by safety tag",pre-final-repository-cleanup-20260704,,,NO,HIGH
configs/clip_v2/training.yaml,UNUSED_CODE,2559,a066cb6948ba42642f7f1be25fecdff764c72f8ad2d9fbbca139f4cd2bf810d4,"tracked legacy implementation, test, config, report, or notebook superseded by active src-layout code and preserved by safety tag",pre-final-repository-cleanup-20260704,,,NO,HIGH
configs/experiments/clip_homecredit_matrix.yaml,UNUSED_CODE,403,6d5ecdfbd116d21b50ea2a2303d3dc28a53e638348d69699ff1c468ec2dba974,"tracked legacy implementation, test, config, report, or notebook superseded by active src-layout code and preserved by safety tag",pre-final-repository-cleanup-20260704,,,NO,HIGH
configs/experiments/clip_lendingclub_v2_matrix.yaml,UNUSED_CODE,469,d3951ff9d53c0974d4ca3f42b4350f86b98fa4d9bf54994e5a324082277441bd,"tracked legacy implementation, test, config, report, or notebook superseded by active src-layout code and preserved by safety tag",pre-final-repository-cleanup-20260704,,,NO,HIGH
credit_risk_fs/__pycache__,TEMPORARY_OR_CACHE,1739,34b235b11a12b8764cbff8205d4a153d53efccf48f18106f652115191ab951b4,generated cache or runtime output,,,,NO,HIGH
docs/clip/CLIP_FINAL_EVALUATION.md,UNUSED_CODE,1170,91ae978dab17f65aa05d8617f039be60d6c3cc9697661d84152408c065d5e71f,"tracked legacy implementation, test, config, report, or notebook superseded by active src-layout code and preserved by safety tag",pre-final-repository-cleanup-20260704,,,NO,HIGH
docs/clip/CLIP_SELECTOR_INTEGRATION.md,UNUSED_CODE,2991,12193316508cb404da0a1ff1837cf3170be188ecff2e68b52d015fbf4d85a30a,"tracked legacy implementation, test, config, report, or notebook superseded by active src-layout code and preserved by safety tag",pre-final-repository-cleanup-20260704,,,NO,HIGH
docs/clip/CLIP_TRAINING.md,UNUSED_CODE,4646,11152df82c2c435d36a6ef030df882df8b2a25a2803f790e62127180537d2fdf,"tracked legacy implementation, test, config, report, or notebook superseded by active src-layout code and preserved by safety tag",pre-final-repository-cleanup-20260704,,,NO,HIGH
docs/clip/CLIP_V1_FREEZE.md,UNUSED_CODE,651,4846cfae2f4a29ee3579434e60638e916a8a44dcbb8ea81a02cff8399666f612,"tracked legacy implementation, test, config, report, or notebook superseded by active src-layout code and preserved by safety tag",pre-final-repository-cleanup-20260704,,,NO,HIGH
docs/clip/CLIP_V2_METHODOLOGY.md,UNUSED_CODE,2113,1e684ba700d5ce732bf7226f3c9556f7462ff46feaa02f7d15202c61984a69f4,"tracked legacy implementation, test, config, report, or notebook superseded by active src-layout code and preserved by safety tag",pre-final-repository-cleanup-20260704,,,NO,HIGH
docs/clip/STATISTICAL_BASELINE.md,UNUSED_CODE,5429,a7b7637dc965f50801988385253a980b7d3a960e8133d943c1c362a71ced9178,"tracked legacy implementation, test, config, report, or notebook superseded by active src-layout code and preserved by safety tag",pre-final-repository-cleanup-20260704,,,NO,HIGH
docs/PROJECT_STRUCTURE.md,UNUSED_CODE,3494,0e3acef3d3a8a8a4ba3e561e1da0f1686996b7958a6276f1cfc88a322133383e,"tracked legacy implementation, test, config, report, or notebook superseded by active src-layout code and preserved by safety tag",pre-final-repository-cleanup-20260704,,,NO,HIGH
docs/RESEARCH_IMPLEMENTATION_REPORT.md,UNUSED_CODE,12546,acafebe883eba99f24c11dbffdba14b950194f47ca37a0c3ca1141ac330a6cb6,"tracked legacy implementation, test, config, report, or notebook superseded by active src-layout code and preserved by safety tag",pre-final-repository-cleanup-20260704,,,NO,HIGH
evaluation/__pycache__,TEMPORARY_OR_CACHE,138077,79b7ec7958d140a30c542536aba252545eafdea1b7deebaba9e48dd46561ee8d,generated cache or runtime output,,,,NO,HIGH
evaluation/feature_stability.py,UNUSED_CODE,104,70ef82f556c995f9460fc4bd263166fdc18201e6b2c26b8c38d628f89f2ca133,"tracked legacy implementation, test, config, report, or notebook superseded by active src-layout code and preserved by safety tag",pre-final-repository-cleanup-20260704,,,NO,HIGH
evaluation/feature_utils.py,UNUSED_CODE,109,57f12bacab4231f8d4ef511a437c3f2c11f094f3362fe534629177a8c2f5a790,"tracked legacy implementation, test, config, report, or notebook superseded by active src-layout code and preserved by safety tag",pre-final-repository-cleanup-20260704,,,NO,HIGH
evaluation/metrics.py,UNUSED_CODE,102,0f59f29922eafb582590bb783fd18a4b6ac8ab4aa464b649512d8a12e7927016,"tracked legacy implementation, test, config, report, or notebook superseded by active src-layout code and preserved by safety tag",pre-final-repository-cleanup-20260704,,,NO,HIGH
evaluation/plotting.py,UNUSED_CODE,103,9b2ab7d0903ef6efb593b39b26c27cc2706ed3650b9ee919d9070703f2f3f34d,"tracked legacy implementation, test, config, report, or notebook superseded by active src-layout code and preserved by safety tag",pre-final-repository-cleanup-20260704,,,NO,HIGH
evaluation/shapley.py,UNUSED_CODE,2726,417c2cf3abd8ed8448e142880a17935a58e1273ea98a2be7554bbd2456908cc1,"tracked legacy implementation, test, config, report, or notebook superseded by active src-layout code and preserved by safety tag",pre-final-repository-cleanup-20260704,,,NO,HIGH
evaluation/stability_scores.py,UNUSED_CODE,100,c91c164b8f1ef9abe1e110675cf6f0eb6f4d61d52c703950e22674f761e54b57,"tracked legacy implementation, test, config, report, or notebook superseded by active src-layout code and preserved by safety tag",pre-final-repository-cleanup-20260704,,,NO,HIGH
experiments/__init__.py,UNUSED_CODE,67,ab82098120c20a554971efa144ae9881838ddd0750aa41af4ca5866651205a7b,"tracked legacy implementation, test, config, report, or notebook superseded by active src-layout code and preserved by safety tag",pre-final-repository-cleanup-20260704,,,NO,HIGH
experiments/__pycache__,TEMPORARY_OR_CACHE,146981,16b69e26f4666c1ab576526fd0d50c9b7b31b5738370c14fedf3cc224ffef1e0,generated cache or runtime output,,,,NO,HIGH
experiments/common.py,UNUSED_CODE,103,4252698b898f211ed2a65eeb6df24d2e19d7b181796b7478c9d61ee2d51bad89,"tracked legacy implementation, test, config, report, or notebook superseded by active src-layout code and preserved by safety tag",pre-final-repository-cleanup-20260704,,,NO,HIGH
experiments/config.py,UNUSED_CODE,102,f99d7a8a448d50d7f7b910119f9c871751356936e1e2d4600647d98e552e1301,"tracked legacy implementation, test, config, report, or notebook superseded by active src-layout code and preserved by safety tag",pre-final-repository-cleanup-20260704,,,NO,HIGH
experiments/hybrid_comparison.py,UNUSED_CODE,9372,9c0b2a14f0e86d2b070c84c2d365886560aef9d690fce643ad821effb6c2f940,"tracked legacy implementation, test, config, report, or notebook superseded by active src-layout code and preserved by safety tag",pre-final-repository-cleanup-20260704,,,NO,HIGH
experiments/llm_vs_statistical.py,UNUSED_CODE,5603,fa806d4f760b8f46d40cf36c70ebbb87ff9cfa86e8bb7810153eac23e9cbb6f5,"tracked legacy implementation, test, config, report, or notebook superseded by active src-layout code and preserved by safety tag",pre-final-repository-cleanup-20260704,,,NO,HIGH
experiments/matrix.py,UNUSED_CODE,102,0c5890798e431eb47b7216f7c317de5d328a24764a04ac54824a9b6521658bf7,"tracked legacy implementation, test, config, report, or notebook superseded by active src-layout code and preserved by safety tag",pre-final-repository-cleanup-20260704,,,NO,HIGH
experiments/run_all.py,UNUSED_CODE,102,36687047d12462010adb1eba6a2fecfb613b5d4af02ae67b962e1d0ba822841d,"tracked legacy implementation, test, config, report, or notebook superseded by active src-layout code and preserved by safety tag",pre-final-repository-cleanup-20260704,,,NO,HIGH
experiments/single_experiment.py,UNUSED_CODE,106,486d555a82327b51939600cf6d7d4cb3b920b2e8563ab51fdc777e3081edbf1a,"tracked legacy implementation, test, config, report, or notebook superseded by active src-layout code and preserved by safety tag",pre-final-repository-cleanup-20260704,,,NO,HIGH
experiments/statistical_baselines.py,UNUSED_CODE,3170,25a5d29fbf7f907be05566487ccc175511bd4cea510143dbcd8ba39da8ce9118,"tracked legacy implementation, test, config, report, or notebook superseded by active src-layout code and preserved by safety tag",pre-final-repository-cleanup-20260704,,,NO,HIGH
experiments/tracking.py,UNUSED_CODE,104,23e9632a9a2d598cf82acffbdc215e6727733f9b1ef1b4be0408936d67dd0c26,"tracked legacy implementation, test, config, report, or notebook superseded by active src-layout code and preserved by safety tag",pre-final-repository-cleanup-20260704,,,NO,HIGH
feature_selection/__pycache__,TEMPORARY_OR_CACHE,148197,611299c27f296efc0f8eb97d552f28190a4f689ef6c6881e8e7940032ace9eaa,generated cache or runtime output,,,,NO,HIGH
feature_selection/boruta_rfe.py,UNUSED_CODE,100,83be38675bb15d46a6fd9db65a3f946be418d27b11b86f506263f8c6cebce66d,"tracked legacy implementation, test, config, report, or notebook superseded by active src-layout code and preserved by safety tag",pre-final-repository-cleanup-20260704,,,NO,HIGH
feature_selection/hybrid.py,UNUSED_CODE,107,b4e8e1471674bff17df8c790e5aa5be2038588760266bd6283833ed3fb490c93,"tracked legacy implementation, test, config, report, or notebook superseded by active src-layout code and preserved by safety tag",pre-final-repository-cleanup-20260704,,,NO,HIGH
feature_selection/llm_selector.py,UNUSED_CODE,107,0ab1c8f97d9b4692e0a1c808073f5e60ec5356f86c68b5f39cd89a96a9f6d640,"tracked legacy implementation, test, config, report, or notebook superseded by active src-layout code and preserved by safety tag",pre-final-repository-cleanup-20260704,,,NO,HIGH
feature_selection/missing_filter.py,UNUSED_CODE,109,d62ae3498d9918798825683717c096e51f5c87e8b50017775197d1a9cc205333,"tracked legacy implementation, test, config, report, or notebook superseded by active src-layout code and preserved by safety tag",pre-final-repository-cleanup-20260704,,,NO,HIGH
feature_selection/mrmr.py,UNUSED_CODE,98,c7fd864c6ed54e1f13b58ede42534f462d056ac490c4fa89b040f67014945ef3,"tracked legacy implementation, test, config, report, or notebook superseded by active src-layout code and preserved by safety tag",pre-final-repository-cleanup-20260704,,,NO,HIGH
feature_selection/pca.py,UNUSED_CODE,97,d7abeaa2c84417d395d4f3b0bf2707073e41c7ca72ace22a5c8a40a6dd407dd3,"tracked legacy implementation, test, config, report, or notebook superseded by active src-layout code and preserved by safety tag",pre-final-repository-cleanup-20260704,,,NO,HIGH
feature_selection/README.md,UNUSED_CODE,6972,94a06da6b0f1c91bc928639b4c5557121ffa8254beb63ddce37e160a39520b80,"tracked legacy implementation, test, config, report, or notebook superseded by active src-layout code and preserved by safety tag",pre-final-repository-cleanup-20260704,,,NO,HIGH
main.py,UNUSED_CODE,126,aaa090e57b01d5331d92b5b37ec739d67314a4116b8ce638bbd2d9c6053b5157,"tracked legacy implementation, test, config, report, or notebook superseded by active src-layout code and preserved by safety tag",pre-final-repository-cleanup-20260704,,,NO,HIGH
Models/__pycache__,TEMPORARY_OR_CACHE,43326,9c58e438b3f00f8c535b57b3583e7e113296fe3e51ff016608574147137e7604,generated cache or runtime output,,,,NO,HIGH
Models/catboost_model.py,UNUSED_CODE,105,aa7515dd24e312c81e825c85503fc34990e00904f7935b572f774a761bfde4e4,"tracked legacy implementation, test, config, report, or notebook superseded by active src-layout code and preserved by safety tag",pre-final-repository-cleanup-20260704,,,NO,HIGH
Models/logistic_regression_model.py,UNUSED_CODE,110,22c04230d80952aa306f234eb2dfe4d2ce25a229c83579dbeae6a50f207c1148,"tracked legacy implementation, test, config, report, or notebook superseded by active src-layout code and preserved by safety tag",pre-final-repository-cleanup-20260704,,,NO,HIGH
Models/random_forest_model.py,UNUSED_CODE,110,f354100a35683cf6928322e1dae271a59b1d22178c1b03fb775767a7689fa24a,"tracked legacy implementation, test, config, report, or notebook superseded by active src-layout code and preserved by safety tag",pre-final-repository-cleanup-20260704,,,NO,HIGH
Models/utils.py,UNUSED_CODE,99,d55959950598a0acf6315d20f2812aebc68a43915e904071312a128f3cda1ecf,"tracked legacy implementation, test, config, report, or notebook superseded by active src-layout code and preserved by safety tag",pre-final-repository-cleanup-20260704,,,NO,HIGH
Notebooks/archive/final_report_analysis_plots.ipynb,UNUSED_CODE,32335,86667aa24f2b1033a46b9a4915f2c792ec85522a14ca4d7d381e37530d3ab7ef,"tracked legacy implementation, test, config, report, or notebook superseded by active src-layout code and preserved by safety tag",pre-final-repository-cleanup-20260704,,,NO,HIGH
Notebooks/archive/homecredit/analysis.ipynb,UNUSED_CODE,258838,85ee59c32a039ee95ef9928da016fcf9c204cde5fb8787877726b78e3c38021b,"tracked legacy implementation, test, config, report, or notebook superseded by active src-layout code and preserved by safety tag",pre-final-repository-cleanup-20260704,,,NO,HIGH
Notebooks/archive/homecredit/data_prep.ipynb,UNUSED_CODE,4686,187b35b4d96de6b7286129ddf79c601966adadd211536d94d890c1e0fb332468,"tracked legacy implementation, test, config, report, or notebook superseded by active src-layout code and preserved by safety tag",pre-final-repository-cleanup-20260704,,,NO,HIGH
Notebooks/archive/homecredit/test_prediction.ipynb,UNUSED_CODE,3132,d9434a96e6900e7b48caadf1b01d336a00b9afab9f477b93e0060dea0a6f5ded,"tracked legacy implementation, test, config, report, or notebook superseded by active src-layout code and preserved by safety tag",pre-final-repository-cleanup-20260704,,,NO,HIGH
Notebooks/archive/lendingclub/eda.ipynb,UNUSED_CODE,43094,c719a126f68aebdb8d179b1650fd60256eff79b3ea4ecdd6843a347d9b6e7bca,"tracked legacy implementation, test, config, report, or notebook superseded by active src-layout code and preserved by safety tag",pre-final-repository-cleanup-20260704,,,NO,HIGH
pipelines/__init__.py,UNUSED_CODE,36,3c78788ea0fb8b468bf16f215d385ccca713e31b0d6625da9c1c4e1f920e5b92,"tracked legacy implementation, test, config, report, or notebook superseded by active src-layout code and preserved by safety tag",pre-final-repository-cleanup-20260704,,,NO,HIGH
pipelines/__pycache__,TEMPORARY_OR_CACHE,108007,d74e204886f27759a59eb66bca5165b69d7ab078f2bc5968508d7cddb32a6a4a,generated cache or runtime output,,,,NO,HIGH
pipelines/common.py,UNUSED_CODE,100,82b420b9feafc7e2d5153dfd68957b95f40d3389babea3b9397fef762f57631a,"tracked legacy implementation, test, config, report, or notebook superseded by active src-layout code and preserved by safety tag",pre-final-repository-cleanup-20260704,,,NO,HIGH
pipelines/comparison.py,UNUSED_CODE,103,7ff2d5c144a0ce17a32fbed63d8eff8a186d424b6662f70e50025d0964be9a02,"tracked legacy implementation, test, config, report, or notebook superseded by active src-layout code and preserved by safety tag",pre-final-repository-cleanup-20260704,,,NO,HIGH
plots.py,UNUSED_CODE,5003,b3e115f32c429bd95acacdc93a12d10dec6e726ca1d598e5f2ca0bbb117955f5,"tracked legacy implementation, test, config, report, or notebook superseded by active src-layout code and preserved by safety tag",pre-final-repository-cleanup-20260704,,,NO,HIGH
Preprocessing/__init__.py,UNUSED_CODE,0,e3b0c44298fc1c149afbf4c8996fb92427ae41e4649b934ca495991b7852b855,"tracked legacy implementation, test, config, report, or notebook superseded by active src-layout code and preserved by safety tag",pre-final-repository-cleanup-20260704,,,NO,HIGH
Preprocessing/__pycache__,TEMPORARY_OR_CACHE,60551,b3f589e85abce8173a6fa9b5413315e8fcc394cd2fb5cdebbaa109be03ff180e,generated cache or runtime output,,,,NO,HIGH
Preprocessing/data_process.py,UNUSED_CODE,96,d294001fb5f68db9382b9c1cca7931e470824edf794c6b4ff27e27f213656925,"tracked legacy implementation, test, config, report, or notebook superseded by active src-layout code and preserved by safety tag",pre-final-repository-cleanup-20260704,,,NO,HIGH
Preprocessing/feature_engineering.py,UNUSED_CODE,123,5109158e0205f0564486660e48b73861e55eee4bc1561624e6d206596558b0ab,"tracked legacy implementation, test, config, report, or notebook superseded by active src-layout code and preserved by safety tag",pre-final-repository-cleanup-20260704,,,NO,HIGH
Preprocessing/preprocessing.py,UNUSED_CODE,106,80ea11185ff7637a3abf6a4dd364f7a041590c13ca82f36d2e779d1c5366f2bc,"tracked legacy implementation, test, config, report, or notebook superseded by active src-layout code and preserved by safety tag",pre-final-repository-cleanup-20260704,,,NO,HIGH
pytest_tmp,AMBIGUOUS_REVIEW_REQUIRED,0,e3b0c44298fc1c149afbf4c8996fb92427ae41e4649b934ca495991b7852b855,"Windows ACL denies read, ownership change, permission reset, move, and recursive deletion for the current account",D:/python projects/Research_pre_cleanup_backup_20260704/acl_blocked_caches/pytest_tmp,,,NO,LOW
report.md,UNUSED_CODE,17887,fb7577fa6d906ed8b91d1496ec5604268bb27d2badb9036f523929408960c17e,"tracked legacy implementation, test, config, report, or notebook superseded by active src-layout code and preserved by safety tag",pre-final-repository-cleanup-20260704,,,NO,HIGH
report_input_bundle/01_REPORT_EVIDENCE.md,UNUSED_CODE,30270,0b29e9135cf7eee6e3afdaa76f3ad0c6d9ac7444df76fc47c63a3ac8499e7703,"tracked legacy implementation, test, config, report, or notebook superseded by active src-layout code and preserved by safety tag",pre-final-repository-cleanup-20260704,,,NO,HIGH
report_input_bundle/02_REPORT_TABLES.xlsx,SUPERSEDED_VALID_OUTPUT,138956,6fb697e22543f1b8b77a5e650c896752d3a2867eaa33a20cbdff594c3b6f2514,superseded report-input bundle,results/final_research_package_v2,,,NO,HIGH
report_input_bundle/03_REPORT_PLOTS.pdf,SUPERSEDED_VALID_OUTPUT,2204463,dd2c629f8855b02bb1f2fd4824a47d613cb22918fba2bd025f4b0078aaabb77b,superseded report-input bundle,results/final_research_package_v2,,,NO,HIGH
reports/final_clip_credit_risk_report.docx,INVALID_SCIENTIFIC_OUTPUT,2805,9b91769f9a4c8fff7d5a7889986ecc5ea401a3739f8529a47dab038155ddae5f,report derives from invalid old-policy CLIP evidence,results/final_research_package_v2,,,NO,HIGH
reports/final_clip_credit_risk_report.md,INVALID_SCIENTIFIC_OUTPUT,4677,35756e3d159968220a9fc2ef7c8433b51810c44330b23ee60915d1fd678f412a,report derives from invalid old-policy CLIP evidence,results/final_research_package_v2,,,NO,HIGH
reports/final_clip_credit_risk_report.pdf,INVALID_SCIENTIFIC_OUTPUT,3156,93fa9d52d49a5af3420d07a52f74545f050ad6c3a88556d8da0ec86fedbf6948,report derives from invalid old-policy CLIP evidence,results/final_research_package_v2,,,NO,HIGH
reports/final_clip_limitations.md,INVALID_SCIENTIFIC_OUTPUT,1207,ea90280cd4b5c325e19bcc22f37355757459f8a8e42ae91c8959458cb91c6841,report derives from invalid old-policy CLIP evidence,results/final_research_package_v2,,,NO,HIGH
reports/final_clip_reproducibility_manifest.json,INVALID_SCIENTIFIC_OUTPUT,9512,6e5e39f649a8841cf8678509ef039f35ee11b1ca237ff6b7b36fc63ae95227c9,report derives from invalid old-policy CLIP evidence,results/final_research_package_v2,,,NO,HIGH
reports/final_clip_scientific_verdict.md,INVALID_SCIENTIFIC_OUTPUT,421,ec3e93df8e707ca174ebffec91e4d17c92f19abcf3c7f2b82102903ee2c88dd5,report derives from invalid old-policy CLIP evidence,results/final_research_package_v2,,,NO,HIGH
results/clip/statistical_baseline/dry_run,DRY_RUN_OR_SMOKE_OUTPUT,73624,820f2754f498d6479f59858d87f89fe845900d3c2354fd4c3363eefacf9117b6,non-scientific dry-run output,,,,NO,HIGH
results/clip/text_baseline/dry_run,DRY_RUN_OR_SMOKE_OUTPUT,8411,30fb5fe09a369ba79774371bd10917e9a331d0bded58c392afc2b9b4cb75a044,non-scientific dry-run output; full target-free text baseline retained,results/clip/text_baseline,,,NO,HIGH
results/clip_pairing_repair/smoke,DRY_RUN_OR_SMOKE_OUTPUT,5489,de6fc8d579b6fd2945b1f1b39abe7400e1fa50d619a5ea94644f23719fe87cb9,checkpoint marked NOT_FOR_SCIENTIFIC_USE,results/clip_pairing_repair,,,NO,HIGH
results/clip_v2/contrastive_data,INVALID_SCIENTIFIC_OUTPUT,749519,aa7957542a677ddacc1521767cb8d69843958fb008a661c984403f386058e4c0,old-policy contrastive pairs superseded by identity_equivalence_v2,results/corrected_homecredit_clip/contrastive_data,,,NO,HIGH
results/clip_v2/dry_run,DRY_RUN_OR_SMOKE_OUTPUT,631014,8e09fbd5382355904165d4b4eaeb5fb9de4a13cf7888c2d0c72abb80a141c473,obsolete CLIP-v2 dry-run output,,,,NO,HIGH
results/clip_v2/final_analysis,INVALID_SCIENTIFIC_OUTPUT,1117992,e557581532ba9b7b01a584ff56f59016d9190de84a66e04fcfeade37ff279fce,analysis derives from invalid old-policy CLIP outputs,results/final_research_package_v2,,,NO,HIGH
results/clip_v2/final_evaluation,INVALID_SCIENTIFIC_OUTPUT,187232613,aea16e85fb0851fd181b3a80f3444f6c02af3265d00bb8fb99bb26b95fb7f4e2,predictions and metrics derive from invalid old-policy checkpoints,results/corrected_homecredit_clip/combined_pipeline,,,NO,HIGH
results/clip_v2/selector_integration,INVALID_SCIENTIFIC_OUTPUT,1006314,c2a632268379530510fd6d68c4b90fb5fa32aca34b17b4f4572904e6374e6a4d,selector cache derives from invalid old-policy checkpoints,results/corrected_homecredit_clip/combined_pipeline,,,NO,HIGH
results/clip_v2/text_baseline,DUPLICATE_CONTENT,3403422,4aa3bcb48db8ab358c384cb030f5a57a0ffc12f9dc55284aa634719eb6563b26,byte-identical duplicate of retained target-free text baseline,results/clip/text_baseline,,,NO,HIGH
results/clip_v2/training,INVALID_SCIENTIFIC_OUTPUT,1933061,642c755e1c01113d8da46486bc0a9035d2b16374ef4a63dfcd6a4cf0c687c1f9,checkpoints trained with faulty pre-identity_equivalence_v2 policy,results/corrected_homecredit_clip/training,,,NO,HIGH
results/corrected_lendingclub_to_homecredit_transfer/downstream/logistic_regression.incomplete_oof_overlap_20260629,FAILED_OR_INCOMPLETE_OUTPUT,94969157,e83f67ba7f231f3c2f8cff663277046a5a8dec2a7b0764b204ff7ec517e115ef,incomplete overlapping-OOF attempt; authenticated replacement exists,results/corrected_lendingclub_to_homecredit_transfer/downstream/logistic_regression,,,NO,HIGH
results/corrected_lendingclub_to_homecredit_transfer_failed_20260629_140834,FAILED_OR_INCOMPLETE_OUTPUT,411,3d1f86132467ea78fa662ea24df97de1b44fa6779c5c025ab707528dc619a9a3,failed reverse-transfer attempt; successful canonical run exists,results/corrected_lendingclub_to_homecredit_transfer,,,NO,HIGH
results/corrected_lendingclub_to_homecredit_transfer_implementation_backup,MIGRATION_BACKUP,38771,652555d4f4541a6d130a3ba6252ecf71ac841a9c8639939d40883ff0d18eeebe,implementation is preserved in tracked source and safety tag,src/credit_risk_fs/pipelines/reverse_transfer.py,,,NO,HIGH
results/final_research_package,SUPERSEDED_VALID_OUTPUT,524239,efb74038f6d9573fc9af591f7281fadb2624bcbf9bf6f1c344f0ce290f451b27,superseded by authenticated final_research_package_v2,results/final_research_package_v2,,,NO,HIGH
results/research_summary/migrations/final_pre_prompt4_stability_repair_v1/backups,MIGRATION_BACKUP,16844,fc36c44762bc36797e0c2b9d8801ceefa3d5d86e66da8c5c7baf55b75872cdef,completed migration payload; compact manifests retained,results/research_summary/migrations/final_pre_prompt4_stability_repair_v1,,,NO,HIGH
results/research_summary/migrations/final_pre_prompt4_stability_repair_v1/staged,MIGRATION_BACKUP,35220,02810621503be5102df1fea61dfe7b60d2ab2edbc0a914c7077c2c235e170554,completed migration payload; compact manifests retained,results/research_summary/migrations/final_pre_prompt4_stability_repair_v1,,,NO,HIGH
results/research_summary/migrations/final_pre_prompt4_stability_repair_v2/backups,MIGRATION_BACKUP,26224,d76cf634e88d2c3ff15bdaf5b25ac16abfd68c8138eb7b0fd917adfe941f723a,completed migration payload; compact manifests retained,results/research_summary/migrations/final_pre_prompt4_stability_repair_v2,,,NO,HIGH
results/research_summary/migrations/final_pre_prompt4_stability_repair_v2/staged,MIGRATION_BACKUP,35220,02810621503be5102df1fea61dfe7b60d2ab2edbc0a914c7077c2c235e170554,completed migration payload; compact manifests retained,results/research_summary/migrations/final_pre_prompt4_stability_repair_v2,,,NO,HIGH
results/research_summary/migrations/registry_artifact_identity_migration_v1_20260629T133634Z,MIGRATION_BACKUP,487569,71dcea1f0b685a95f6e491c1ac4156a918bee26f4a5a3c7245dd963c7822076d,failed preliminary migration contains backup payload only,results/research_summary,,,NO,HIGH
results/research_summary/migrations/registry_artifact_identity_migration_v1_20260629T133751Z,MIGRATION_BACKUP,487569,71dcea1f0b685a95f6e491c1ac4156a918bee26f4a5a3c7245dd963c7822076d,failed preliminary migration contains backup payload only,results/research_summary,,,NO,HIGH
results/research_summary/migrations/registry_artifact_identity_migration_v1_20260629T134550Z/backups,MIGRATION_BACKUP,487569,9b8e6f51f438cbb59825b3af69fd7fef8c2c924940762a2d7a72902552e02f91,completed migration payload; compact manifests retained,results/research_summary/migrations/registry_artifact_identity_migration_v1_20260629T134550Z,,,NO,HIGH
results/research_summary/migrations/registry_artifact_identity_migration_v1_20260629T134725Z/backups,MIGRATION_BACKUP,487569,9b8e6f51f438cbb59825b3af69fd7fef8c2c924940762a2d7a72902552e02f91,completed migration payload; compact manifests retained,results/research_summary/migrations/registry_artifact_identity_migration_v1_20260629T134725Z,,,NO,HIGH
results/research_summary/migrations/registry_artifact_identity_migration_v1_20260629T135128Z/backups,MIGRATION_BACKUP,515168,6d1360b3ab87b3dfa1056f783c9ab7ccaeb3299e402a5440c39b4b76cdb38d34,completed migration payload; compact manifests retained,results/research_summary/migrations/registry_artifact_identity_migration_v1_20260629T135128Z,,,NO,HIGH
results/research_summary/migrations/registry_artifact_identity_migration_v1_20260704T060945Z/backups,MIGRATION_BACKUP,313762,97fc4ad2464d6d89d65857011dc30ab515b57deaad1e70c62adc50c6238b654b,completed migration payload; compact manifests retained,results/research_summary/migrations/registry_artifact_identity_migration_v1_20260704T060945Z,,,NO,HIGH
run_experiment.py,UNUSED_CODE,4438,3a0da4dba3b29ed4b88888e4103c4103bb31312b8a9ffbf12c3bb47b874a21fc,"tracked legacy implementation, test, config, report, or notebook superseded by active src-layout code and preserved by safety tag",pre-final-repository-cleanup-20260704,,,NO,HIGH
RUNS.md,UNUSED_CODE,6114,11191a68288914f97e4ee2536274d5f3507d4c052b63f9caabf70cc862c97a9a,"tracked legacy implementation, test, config, report, or notebook superseded by active src-layout code and preserved by safety tag",pre-final-repository-cleanup-20260704,,,NO,HIGH
scripts/__pycache__,TEMPORARY_OR_CACHE,1315498,65114321bbe8b96f9bd8e689bce763eb1c704dfecb114605de1e26f15be4bf31,generated cache or runtime output,,,,NO,HIGH
scripts/audit_clip_v2.py,UNUSED_CODE,4927,09793ef126c96d666396a8be84de165d13f41318d73b2e1d4b4bea6566a36054,"tracked legacy implementation, test, config, report, or notebook superseded by active src-layout code and preserved by safety tag",pre-final-repository-cleanup-20260704,,,NO,HIGH
scripts/build_clip_contrastive_data.py,UNUSED_CODE,3284,d7fcd117b880807fcd35e8ce1552e4de4c264d410c7e8459b58b9a77edd75e29,"tracked legacy implementation, test, config, report, or notebook superseded by active src-layout code and preserved by safety tag",pre-final-repository-cleanup-20260704,,,NO,HIGH
scripts/build_clip_final_analysis.py,UNUSED_CODE,45961,387244ff90d728bc1aa8fe36f34a578e553382e3a3575f5bd37b53c8b77486dd,"tracked legacy implementation, test, config, report, or notebook superseded by active src-layout code and preserved by safety tag",pre-final-repository-cleanup-20260704,,,NO,HIGH
scripts/build_clip_final_report_figures.py,UNUSED_CODE,17425,6fb66c5cabb4515e23cde311b1f7dcbb270cfee8ad26b5de7b53760e46e806a2,"tracked legacy implementation, test, config, report, or notebook superseded by active src-layout code and preserved by safety tag",pre-final-repository-cleanup-20260704,,,NO,HIGH
scripts/build_clip_statistical_baseline.py,UNUSED_CODE,2327,3321dd12d5674242240b343e318c463a680517ea53b4d1949e4da4026f95eec7,"tracked legacy implementation, test, config, report, or notebook superseded by active src-layout code and preserved by safety tag",pre-final-repository-cleanup-20260704,,,NO,HIGH
scripts/build_clip_v2_contrastive_data.py,UNUSED_CODE,3438,2084f7eca467dedcf1e07f293a56ff2caeccbbed7e591a9dbca5f1be855b91bd,"tracked legacy implementation, test, config, report, or notebook superseded by active src-layout code and preserved by safety tag",pre-final-repository-cleanup-20260704,,,NO,HIGH
scripts/build_clip_v2_final_analysis.py,UNUSED_CODE,34870,4bf44a9abcda3f79752d94f496caad4a5ab68306319a8e48aee720f83ff9603c,"tracked legacy implementation, test, config, report, or notebook superseded by active src-layout code and preserved by safety tag",pre-final-repository-cleanup-20260704,,,NO,HIGH
scripts/build_review_support_artifacts.py,UNUSED_CODE,10351,972899f548e167ed99bca590e7f99d11e8e730996c765ecb0834d730b3ad74fa,"tracked legacy implementation, test, config, report, or notebook superseded by active src-layout code and preserved by safety tag",pre-final-repository-cleanup-20260704,,,NO,HIGH
scripts/check_research_setup.py,UNUSED_CODE,6935,c7ce9be405dc05d587dcb0ea8834d99b5fafc1fb20536faff5b1f40ad51160a9,"tracked legacy implementation, test, config, report, or notebook superseded by active src-layout code and preserved by safety tag",pre-final-repository-cleanup-20260704,,,NO,HIGH
scripts/finalize_corrected_homecredit_clip.py,UNUSED_CODE,13933,5ba485cee4bfe15d0403a3b673c065c4dd536c9e537a2d47191ce3e6d3d8c38a,"tracked legacy implementation, test, config, report, or notebook superseded by active src-layout code and preserved by safety tag",pre-final-repository-cleanup-20260704,,,NO,HIGH
scripts/freeze_clip_v1.py,UNUSED_CODE,1325,be769834ad2a13bae0562cc683a847e0ebcf4287649fe3cfb7374c625e508372,"tracked legacy implementation, test, config, report, or notebook superseded by active src-layout code and preserved by safety tag",pre-final-repository-cleanup-20260704,,,NO,HIGH
scripts/migrate_registry_artifact_integrity.py,UNUSED_CODE,12503,73e4596e9c1dd81b006ce0835b3459965cd194c85d0956cc5bffa26d63ced494,"tracked legacy implementation, test, config, report, or notebook superseded by active src-layout code and preserved by safety tag",pre-final-repository-cleanup-20260704,,,NO,HIGH
scripts/plan_clip_v2_ablation.py,UNUSED_CODE,1053,66abf420861f54335ca2201afa01dc0e941fbc113db17e91c9049d769d23143a,"tracked legacy implementation, test, config, report, or notebook superseded by active src-layout code and preserved by safety tag",pre-final-repository-cleanup-20260704,,,NO,HIGH
scripts/rebuild_clip_evaluation_aggregates.py,UNUSED_CODE,2840,5b855020f3ed8110cedf912a45c1ea40c24d17a7e87c7ed16c6ea03f1b4de536,"tracked legacy implementation, test, config, report, or notebook superseded by active src-layout code and preserved by safety tag",pre-final-repository-cleanup-20260704,,,NO,HIGH
scripts/rebuild_clip_v2_evaluation_aggregates.py,UNUSED_CODE,8403,995b4d4ae47f4e0a92f54e4791e15407e1ff0b04c89b14f42e7190d5a4c7cd4f,"tracked legacy implementation, test, config, report, or notebook superseded by active src-layout code and preserved by safety tag",pre-final-repository-cleanup-20260704,,,NO,HIGH
scripts/repair_reverse_transfer_stability.py,UNUSED_CODE,427,fe2004664999cda9ab6a411dc1d691d35708f245f093a793469de402595738c6,"tracked legacy implementation, test, config, report, or notebook superseded by active src-layout code and preserved by safety tag",pre-final-repository-cleanup-20260704,,,NO,HIGH
scripts/run_all_experiments.py,UNUSED_CODE,246,a7b325c8e3597f3cb0e4402041dd75f35e1306816c66271b6084899480366f99,"tracked legacy implementation, test, config, report, or notebook superseded by active src-layout code and preserved by safety tag",pre-final-repository-cleanup-20260704,,,NO,HIGH
scripts/run_clip_final_evaluation.py,UNUSED_CODE,62800,5776e14bca55ca9d97661940a411c085ce663f9311774da2e597769565426399,"tracked legacy implementation, test, config, report, or notebook superseded by active src-layout code and preserved by safety tag",pre-final-repository-cleanup-20260704,,,NO,HIGH
scripts/run_clip_v2_final_evaluation.py,UNUSED_CODE,21847,7a28b6d1f28f583129f959a96aeb1b6e0939536fd1b68c18635e37df42f93eda,"tracked legacy implementation, test, config, report, or notebook superseded by active src-layout code and preserved by safety tag",pre-final-repository-cleanup-20260704,,,NO,HIGH
scripts/run_clip_v2_pipeline.py,UNUSED_CODE,23970,e63dca5d802b324a543f1d823206d8e586e6c7f734bed17241b8f75ef5254bfa,"tracked legacy implementation, test, config, report, or notebook superseded by active src-layout code and preserved by safety tag",pre-final-repository-cleanup-20260704,,,NO,HIGH
scripts/run_corrected_reverse_transfer_all.ps1,UNUSED_CODE,17042,df43999a7251b59af64ce38f07887af9cfcf81a185ea5ea9164da4d19f6624cf,"tracked legacy implementation, test, config, report, or notebook superseded by active src-layout code and preserved by safety tag",pre-final-repository-cleanup-20260704,,,NO,HIGH
scripts/run_hybrid_comparison.py,UNUSED_CODE,256,06da53001f3524d27b149fedbecc995c15ddf44f0bc191065f9fb9dfa83964bc,"tracked legacy implementation, test, config, report, or notebook superseded by active src-layout code and preserved by safety tag",pre-final-repository-cleanup-20260704,,,NO,HIGH
scripts/run_llm_vs_statistical.py,UNUSED_CODE,257,27cc08741d10a2a5a393262a3ff872cc279e98d846867eae0e4a29aab7d1d6de,"tracked legacy implementation, test, config, report, or notebook superseded by active src-layout code and preserved by safety tag",pre-final-repository-cleanup-20260704,,,NO,HIGH
scripts/run_single_experiment.py,UNUSED_CODE,256,658a0f5e7fae0769e51721300a5f48a1a2ee4c1581638e4e474ebd47c58835f1,"tracked legacy implementation, test, config, report, or notebook superseded by active src-layout code and preserved by safety tag",pre-final-repository-cleanup-20260704,,,NO,HIGH
scripts/run_statistical_comparison.py,UNUSED_CODE,260,2807ea021d4881a7daf4d7d572a45e2a4d32a430fd64750d6f4c9af7acf9ac5c,"tracked legacy implementation, test, config, report, or notebook superseded by active src-layout code and preserved by safety tag",pre-final-repository-cleanup-20260704,,,NO,HIGH
scripts/strengthen_final_report_artifacts.py,UNUSED_CODE,24859,546c507bf80d0b2658d2a318628b8836889a74a296c94b7ca5065190e2be3f48,"tracked legacy implementation, test, config, report, or notebook superseded by active src-layout code and preserved by safety tag",pre-final-repository-cleanup-20260704,,,NO,HIGH
scripts/train_clip_encoder.py,UNUSED_CODE,13256,91eedbb4f74ec9c12f06d1da2bd904c54c251840d7f054c232fb5beca66c8f88,"tracked legacy implementation, test, config, report, or notebook superseded by active src-layout code and preserved by safety tag",pre-final-repository-cleanup-20260704,,,NO,HIGH
scripts/train_clip_v2_encoder.py,UNUSED_CODE,4749,6d73fbd7d07928d8db9dff7598246d5f5d66c9998bf0211f5f683354d96c38a4,"tracked legacy implementation, test, config, report, or notebook superseded by active src-layout code and preserved by safety tag",pre-final-repository-cleanup-20260704,,,NO,HIGH
scripts/validate_clip_pairing_repair.py,UNUSED_CODE,21222,0efcc39000ef83573c79530bcd79dd8b66791df3237bf9401d2ca22f602fd88f,"tracked legacy implementation, test, config, report, or notebook superseded by active src-layout code and preserved by safety tag",pre-final-repository-cleanup-20260704,,,NO,HIGH
scripts/validate_clip_selector_integration.py,UNUSED_CODE,11641,71f4f5dba8007124976cbe14bcf716dc4698401c03fb1f7ca7d5ee45de2855bc,"tracked legacy implementation, test, config, report, or notebook superseded by active src-layout code and preserved by safety tag",pre-final-repository-cleanup-20260704,,,NO,HIGH
scripts/validate_clip_v2_selector_integration.py,UNUSED_CODE,3322,897d4569fd4ccc50e618e5b262f3680f88e1bf699d507d0a90a42f3946c504c7,"tracked legacy implementation, test, config, report, or notebook superseded by active src-layout code and preserved by safety tag",pre-final-repository-cleanup-20260704,,,NO,HIGH
src/credit_risk_fs/__pycache__,TEMPORARY_OR_CACHE,449,7bc41c370ba6ba085002d31b5eac518685507fd96fd4e7749b564c68e8d78ce9,generated cache or runtime output,,,,NO,HIGH
src/credit_risk_fs/clip/__pycache__,TEMPORARY_OR_CACHE,743259,50fd5b5dba319b7fefce1c497fef0927af231a6110a0811c34f93196b3be0d67,generated cache or runtime output,,,,NO,HIGH
src/credit_risk_fs/clip/evaluation_aggregation.py,UNUSED_CODE,34041,48cdad3f71f6196861e3db3b87c114f8c3d38d90cf807eba7fb2f18dcb8d27be,"tracked legacy implementation, test, config, report, or notebook superseded by active src-layout code and preserved by safety tag",pre-final-repository-cleanup-20260704,,,NO,HIGH
src/credit_risk_fs/clip/score_cache.py,UNUSED_CODE,5490,ea58f7288a0ad75f290d21299b7e1f4a22aea35a3e675932d7bd4a076606d34f,"tracked legacy implementation, test, config, report, or notebook superseded by active src-layout code and preserved by safety tag",pre-final-repository-cleanup-20260704,,,NO,HIGH
src/credit_risk_fs/clip/selector_adapter.py,UNUSED_CODE,6453,1466857ab293e94bc08675b292a49096ede10ae04c5915878ba6963d72370580,"tracked legacy implementation, test, config, report, or notebook superseded by active src-layout code and preserved by safety tag",pre-final-repository-cleanup-20260704,,,NO,HIGH
src/credit_risk_fs/clip/selector_validation.py,UNUSED_CODE,9760,c515a6e942a779ec1549e3bd7603046b508f22c235f01bcacbdc9ab687ef91e9,"tracked legacy implementation, test, config, report, or notebook superseded by active src-layout code and preserved by safety tag",pre-final-repository-cleanup-20260704,,,NO,HIGH
src/credit_risk_fs/clip/statistical_baseline.py,UNUSED_CODE,25700,fbdff3d5d1bdd58838e6968eb642c191090ef55c160d7e5963f38c3938f1b3c1,"tracked legacy implementation, test, config, report, or notebook superseded by active src-layout code and preserved by safety tag",pre-final-repository-cleanup-20260704,,,NO,HIGH
src/credit_risk_fs/clip/statistical_fields.py,UNUSED_CODE,8872,e4c011e6bb5023f2132e89aebe09e0631ef24734f66cfe2309930ae24acbce61,"tracked legacy implementation, test, config, report, or notebook superseded by active src-layout code and preserved by safety tag",pre-final-repository-cleanup-20260704,,,NO,HIGH
src/credit_risk_fs/clip/statistical_schema.py,UNUSED_CODE,1777,68cf128ac20f85347909baf45e27bcec93f445cd066ffbf52fedf1ec564c6f24,"tracked legacy implementation, test, config, report, or notebook superseded by active src-layout code and preserved by safety tag",pre-final-repository-cleanup-20260704,,,NO,HIGH
src/credit_risk_fs/clip/statistical_validation.py,UNUSED_CODE,9424,a5c0542eefd77cee976625cc8530bb65cd376b4cf0e039508cc57c7f354e0dfb,"tracked legacy implementation, test, config, report, or notebook superseded by active src-layout code and preserved by safety tag",pre-final-repository-cleanup-20260704,,,NO,HIGH
src/credit_risk_fs/clip/v1_freeze.py,UNUSED_CODE,14199,5b504d86c35208a24eb2802a14f08f2560801087186ac6657ead8945e54877fa,"tracked legacy implementation, test, config, report, or notebook superseded by active src-layout code and preserved by safety tag",pre-final-repository-cleanup-20260704,,,NO,HIGH
src/credit_risk_fs/data/__pycache__,TEMPORARY_OR_CACHE,23964,5613648b5272061a2fe76efcd04dea9ed7e5832222da9bed53111a986aff0386,generated cache or runtime output,,,,NO,HIGH
src/credit_risk_fs/evaluation/__pycache__,TEMPORARY_OR_CACHE,145560,bd92480647ea1977a63c7f3745fb43a91b105abd54243eb51a0a6eea82b4bf51,generated cache or runtime output,,,,NO,HIGH
src/credit_risk_fs/experiments/__pycache__,TEMPORARY_OR_CACHE,177651,7c1f684b2b8d0d5d39ef1eff7a4a49efb5c6707aacf42759d2946da99590c597,generated cache or runtime output,,,,NO,HIGH
src/credit_risk_fs/feature_engineering/__pycache__,TEMPORARY_OR_CACHE,1819,1e96e6b6350234fc39952fae64a545936102867252595c83f2b731530c2d9a29,generated cache or runtime output,,,,NO,HIGH
src/credit_risk_fs/feature_engineering/homecredit/__pycache__,TEMPORARY_OR_CACHE,27973,059615a2c5d3ff44a41bc86f5ec1a95ea6c308ad09db5af3826483fd4bf037b0,generated cache or runtime output,,,,NO,HIGH
src/credit_risk_fs/feature_engineering/lendingclub/__pycache__,TEMPORARY_OR_CACHE,64927,3102b6858ff80b115570faf0f975a46d989edab2cfd072a0113dfdd07562cfcf,generated cache or runtime output,,,,NO,HIGH
src/credit_risk_fs/feature_metadata/__pycache__,TEMPORARY_OR_CACHE,39135,794df0a8488a17fad474c970d6a5487200db633a27402b67d4518dee5b4e9fd9,generated cache or runtime output,,,,NO,HIGH
src/credit_risk_fs/models/__pycache__,TEMPORARY_OR_CACHE,131870,acdd9a0d3f503e18fdbff2d973c4a9510ce7d3b6e8278a6e54498dd0bf5220f8,generated cache or runtime output,,,,NO,HIGH
src/credit_risk_fs/pipelines/__pycache__,TEMPORARY_OR_CACHE,284356,d18abcd7490ae97a3e84065841f4e77aad6b730b87681992602a632a5182ded1,generated cache or runtime output,,,,NO,HIGH
src/credit_risk_fs/preprocessing/__pycache__,TEMPORARY_OR_CACHE,45863,46684ec11df715a1b82eeebcfa96882fa9aafcfa164af45f38217002f2cf5b7f,generated cache or runtime output,,,,NO,HIGH
src/credit_risk_fs/repairs/__init__.py,UNUSED_CODE,66,d1c0d50c424805a8788db727ea991fa65e91abc245d3a155e2efb4f736bc37ee,"tracked legacy implementation, test, config, report, or notebook superseded by active src-layout code and preserved by safety tag",pre-final-repository-cleanup-20260704,,,NO,HIGH
src/credit_risk_fs/repairs/__pycache__,TEMPORARY_OR_CACHE,19552,0728b33b3dacf38feb1dab60ce50ae3972a505366622c704cdbaefe6cce41e49,generated cache or runtime output,,,,NO,HIGH
src/credit_risk_fs/repairs/reverse_transfer_stability.py,UNUSED_CODE,18000,8516b280bb9db9b6356af3c3e6885833abc05e02be39805691c91dca33490358,"tracked legacy implementation, test, config, report, or notebook superseded by active src-layout code and preserved by safety tag",pre-final-repository-cleanup-20260704,,,NO,HIGH
src/credit_risk_fs/reporting/__pycache__,TEMPORARY_OR_CACHE,420929,5ddf55af87b328a4e027aa1f2350a6e857dc222b7765db520c6d989576bee1ce,generated cache or runtime output,,,,NO,HIGH
src/credit_risk_fs/selectors/__pycache__,TEMPORARY_OR_CACHE,199500,5c88c88aff918d4dd61665bdeb815bad21639a48d6b63b7773c0ef0fb3eb6833,generated cache or runtime output,,,,NO,HIGH
src/credit_risk_fs/selectors/clip_screening.py,UNUSED_CODE,3876,82707ada00d3649bcef539443b2d912cbd5a01c163e7779ff544f74b8a80efcc,"tracked legacy implementation, test, config, report, or notebook superseded by active src-layout code and preserved by safety tag",pre-final-repository-cleanup-20260704,,,NO,HIGH
src/credit_risk_fs/selectors/clip_then_mrmr.py,UNUSED_CODE,6062,0d79d448bde6cc7e4539250edbd73cda2d1d750e0c61aaf7d7a6e351fddc1acf,"tracked legacy implementation, test, config, report, or notebook superseded by active src-layout code and preserved by safety tag",pre-final-repository-cleanup-20260704,,,NO,HIGH
src/credit_risk_fs/utils/__pycache__,TEMPORARY_OR_CACHE,18244,a6a7255ec39bd3baa28dcfc8ab9caea8a62863113286eea31abd13ddfaf76f70,generated cache or runtime output,,,,NO,HIGH
test.py,UNUSED_CODE,150,4ad1f0a84d5b397b4163be5b4c3d4eab251f003cf7ecd1fd08251a1cba8ebe9e,"tracked legacy implementation, test, config, report, or notebook superseded by active src-layout code and preserved by safety tag",pre-final-repository-cleanup-20260704,,,NO,HIGH
tests/__pycache__,TEMPORARY_OR_CACHE,282544,a51993e1a9e45a02a6fb6a7140e538d383d46ef51d09072d5148ef5685386060,generated cache or runtime output,,,,NO,HIGH
tests/clip/__pycache__,TEMPORARY_OR_CACHE,614192,78434c777546b9d076087009866d713eb1aacb14415c39e02419695f62ab42dc,generated cache or runtime output,,,,NO,HIGH
tests/clip/conftest.py,UNUSED_CODE,797,225f2131204a155547533d4a032391b5535890499e1c09c3bbdc0d26a3c88eb3,"tracked legacy implementation, test, config, report, or notebook superseded by active src-layout code and preserved by safety tag",pre-final-repository-cleanup-20260704,,,NO,HIGH
tests/clip/test_clip_baseline_comparison.py,UNUSED_CODE,986,a7563e0fd21615f16a75b0b39a09f65a938a5ccc0119876636c888e4b7b68277,"tracked legacy implementation, test, config, report, or notebook superseded by active src-layout code and preserved by safety tag",pre-final-repository-cleanup-20260704,,,NO,HIGH
tests/clip/test_clip_evaluation_aggregation.py,UNUSED_CODE,7705,982f490e8bf7b375275c7bf52c0c0cbfcf663facd3435d7943bcc08e91cacbad,"tracked legacy implementation, test, config, report, or notebook superseded by active src-layout code and preserved by safety tag",pre-final-repository-cleanup-20260704,,,NO,HIGH
tests/clip/test_clip_final_analysis.py,UNUSED_CODE,2853,3bfc9b592430497bdcf4e1f5385038e5f25e1e2e67656492a815e7614a80d2e8,"tracked legacy implementation, test, config, report, or notebook superseded by active src-layout code and preserved by safety tag",pre-final-repository-cleanup-20260704,,,NO,HIGH
tests/clip/test_clip_final_evaluation_config.py,UNUSED_CODE,706,179674f7eb8cfd6f1394b42d2c1e6117502bbc49f86bc0cefae7d2b8daabd53a,"tracked legacy implementation, test, config, report, or notebook superseded by active src-layout code and preserved by safety tag",pre-final-repository-cleanup-20260704,,,NO,HIGH
tests/clip/test_clip_final_evaluation_recovery.py,UNUSED_CODE,4936,f46f813acf1d8845d821b010abe1a1b92467141e5c7ee198c7a42510f8946de5,"tracked legacy implementation, test, config, report, or notebook superseded by active src-layout code and preserved by safety tag",pre-final-repository-cleanup-20260704,,,NO,HIGH
tests/clip/test_clip_final_report_figures.py,UNUSED_CODE,1692,a660db225ab6853a4dc27dbf624f612d78c6dc65d5048bbe1f9dfe832ea8215f,"tracked legacy implementation, test, config, report, or notebook superseded by active src-layout code and preserved by safety tag",pre-final-repository-cleanup-20260704,,,NO,HIGH
tests/clip/test_clip_metric_consistency.py,UNUSED_CODE,518,f22b5fcabd7d8886c2273629b0dac60690e265e67710caf79403f39e56437c68,"tracked legacy implementation, test, config, report, or notebook superseded by active src-layout code and preserved by safety tag",pre-final-repository-cleanup-20260704,,,NO,HIGH
tests/clip/test_clip_prediction_artifacts.py,UNUSED_CODE,221,369c7610ce3865d80f85ee54f6ceb786736db34864a64f10c28befbe1221f85d,"tracked legacy implementation, test, config, report, or notebook superseded by active src-layout code and preserved by safety tag",pre-final-repository-cleanup-20260704,,,NO,HIGH
tests/clip/test_clip_selector_behavior.py,UNUSED_CODE,3182,51fdf3f18bd9d3e41a4e3f9c7684adf535a94d0f7a7cd09345af4cf220b6f50d,"tracked legacy implementation, test, config, report, or notebook superseded by active src-layout code and preserved by safety tag",pre-final-repository-cleanup-20260704,,,NO,HIGH
tests/clip/test_clip_selector_cache.py,UNUSED_CODE,1730,f9412e4bb281669d0a1b1b07556d2fdd39f76cdea4a0fe90a0a2cf9e57b3d0b7,"tracked legacy implementation, test, config, report, or notebook superseded by active src-layout code and preserved by safety tag",pre-final-repository-cleanup-20260704,,,NO,HIGH
tests/clip/test_clip_selector_integration.py,UNUSED_CODE,1201,75ccddd97d2a12b77ddc919d7d839c8b4e9a17351057cc0ca0f87c0d8fa374d9,"tracked legacy implementation, test, config, report, or notebook superseded by active src-layout code and preserved by safety tag",pre-final-repository-cleanup-20260704,,,NO,HIGH
tests/clip/test_clip_selector_registry.py,UNUSED_CODE,1170,be10f1cc1f8932029132986bd6ee881b76292360eaa46ab0eac4025d5bdfb866,"tracked legacy implementation, test, config, report, or notebook superseded by active src-layout code and preserved by safety tag",pre-final-repository-cleanup-20260704,,,NO,HIGH
tests/clip/test_clip_significance.py,UNUSED_CODE,455,4eaf5c8811d29a0d97f6b870246c39ce15ff2b3e9ff7b283a01d4ff8cdb183c1,"tracked legacy implementation, test, config, report, or notebook superseded by active src-layout code and preserved by safety tag",pre-final-repository-cleanup-20260704,,,NO,HIGH
tests/clip/test_clip_statistical_baseline.py,UNUSED_CODE,5387,035097cd754718ee2bba67d7c3510e967dec9a5e1c524a15fe0430a5e3797244,"tracked legacy implementation, test, config, report, or notebook superseded by active src-layout code and preserved by safety tag",pre-final-repository-cleanup-20260704,,,NO,HIGH
tests/clip/test_clip_statistical_external_validation.py,UNUSED_CODE,2341,6e869c3ed30dbaa6e1cc98d85cdc53fdeac3de033034596902bb7dbc8de54468,"tracked legacy implementation, test, config, report, or notebook superseded by active src-layout code and preserved by safety tag",pre-final-repository-cleanup-20260704,,,NO,HIGH
tests/clip/test_clip_statistical_fields.py,UNUSED_CODE,2511,a7be2841285860a79dda997a5f19d7aa9b4583c9f76ef4c81545fea78aee392d,"tracked legacy implementation, test, config, report, or notebook superseded by active src-layout code and preserved by safety tag",pre-final-repository-cleanup-20260704,,,NO,HIGH
tests/clip/test_clip_v1_freeze_and_v2_boundaries.py,UNUSED_CODE,7681,3681a3696aada62f313c229244946709b8dc6daa6f1823739e424c0174f98bd4,"tracked legacy implementation, test, config, report, or notebook superseded by active src-layout code and preserved by safety tag",pre-final-repository-cleanup-20260704,,,NO,HIGH
tests/clip/test_clip_v2_audit.py,UNUSED_CODE,1394,3c23e9ae4798982c6275572fdd7774e617a50aac5eb1de3b4323fe13331c6554,"tracked legacy implementation, test, config, report, or notebook superseded by active src-layout code and preserved by safety tag",pre-final-repository-cleanup-20260704,,,NO,HIGH
tests/clip/test_clip_v2_execution_pipeline.py,UNUSED_CODE,10603,4b6ce4fd4f34814d9dba9b8c12b6b48dd0cfda2de302dc653d6550d3d8960abe,"tracked legacy implementation, test, config, report, or notebook superseded by active src-layout code and preserved by safety tag",pre-final-repository-cleanup-20260704,,,NO,HIGH
tests/clip/test_clip_v2_pipeline_orchestrator.py,UNUSED_CODE,6418,b37bcd84cde064fe509fc966db78c1362040124b1853cff9a0e1bd754908ee5f,"tracked legacy implementation, test, config, report, or notebook superseded by active src-layout code and preserved by safety tag",pre-final-repository-cleanup-20260704,,,NO,HIGH
tests/clip/test_clip_v2_semantic_map.py,UNUSED_CODE,5017,ff08b5c3ee7f42bcd8ae281969da6e9be108695eb42b2cea58a127644a2c659a,"tracked legacy implementation, test, config, report, or notebook superseded by active src-layout code and preserved by safety tag",pre-final-repository-cleanup-20260704,,,NO,HIGH
tests/pipelines/__pycache__,TEMPORARY_OR_CACHE,207078,3caf9967f4fd09185ce5ae768a5fd8fbc9a8ebfdc0a15ebf34f034578adf6e96,generated cache or runtime output,,,,NO,HIGH
tests_runtime,TEMPORARY_OR_CACHE,11663102,5d06f29d7e7322a8a92f6af54836a34b4d2929bdc1f25a621acd8f50226abd1f,generated cache or runtime output,,,,NO,HIGH
training/__pycache__,TEMPORARY_OR_CACHE,84483,6788e5748fbc07a2f010b57d130fff405515c1eee81d9a831908d72933291226,generated cache or runtime output,,,,NO,HIGH
training/cv_utils.py,UNUSED_CODE,100,f0499f8e8629726c24bd29e1513aa54e4b7292edb15f6ad90453c62550796dfe,"tracked legacy implementation, test, config, report, or notebook superseded by active src-layout code and preserved by safety tag",pre-final-repository-cleanup-20260704,,,NO,HIGH
training/fold.py,UNUSED_CODE,96,64490b03cdbc44525a2631939e091796f99aae0e4edbccce0baa750ca20290b3,"tracked legacy implementation, test, config, report, or notebook superseded by active src-layout code and preserved by safety tag",pre-final-repository-cleanup-20260704,,,NO,HIGH
training/kfold_trainer.py,UNUSED_CODE,99,6f174d86ce28f9e852caa5c45f04a88670a822d14d6e0db516029bece734da5c,"tracked legacy implementation, test, config, report, or notebook superseded by active src-layout code and preserved by safety tag",pre-final-repository-cleanup-20260704,,,NO,HIGH
training/oot_trainer.py,UNUSED_CODE,103,952ca513b26416886c738abe04c224b7becdc18e5ff3cbc7218219e73c9df7d5,"tracked legacy implementation, test, config, report, or notebook superseded by active src-layout code and preserved by safety tag",pre-final-repository-cleanup-20260704,,,NO,HIGH
utils/__pycache__,TEMPORARY_OR_CACHE,24674,2be1a71ad964c6ad3d56dd5811065a16938382191285a7b717c273b694875202,generated cache or runtime output,,,,NO,HIGH
utils/feature_metadata.py,UNUSED_CODE,108,525d9eb21cfe3b716a4484269ef8e2dbe8852f3c986e642a64af85613d6c5b3c,"tracked legacy implementation, test, config, report, or notebook superseded by active src-layout code and preserved by safety tag",pre-final-repository-cleanup-20260704,,,NO,HIGH
utils/logging_config.py,UNUSED_CODE,97,8bdc1e954d7b49146e45b23b873e7b9d49a5639a3d53cfca3427e28907430181,"tracked legacy implementation, test, config, report, or notebook superseded by active src-layout code and preserved by safety tag",pre-final-repository-cleanup-20260704,,,NO,HIGH
