feature_name,semantic_group,umap_1,umap_2
acc_now_delinq,delinquency_derogatory,10.122239,0.24695678
acc_now_delinq_is_zero,delinquency_derogatory,-1.4803482,9.046842
acc_now_delinq_missing_flag,missingness_or_unknown,-1.484724,10.863668
acc_now_delinq_per_credit_history_year,delinquency_derogatory,10.650486,0.8244576
acc_now_delinq_per_open_acc,delinquency_derogatory,10.593386,0.019063821
acc_now_delinq_per_total_acc,delinquency_derogatory,10.5878,-0.15932722
acc_now_delinq_positive_flag,delinquency_derogatory,-1.4043252,9.022243
acc_open_past_24mths,account_opening_activity,12.422589,3.8041768
acc_open_past_24mths_band,account_opening_activity,3.250319,18.766224
acc_open_past_24mths_is_zero,account_opening_activity,-4.0161786,8.709387
acc_open_past_24mths_missing_flag,missingness_or_unknown,-2.650423,10.673855
acc_open_past_24mths_per_credit_history_year,account_opening_activity,12.76798,3.3888655
acc_open_past_24mths_per_open_acc,account_opening_activity,12.589154,3.5135386
acc_open_past_24mths_per_total_acc,account_opening_activity,12.662332,3.5305805
acc_open_past_24mths_positive_flag,account_opening_activity,-3.4593117,8.173407
acc_open_past_24mths_share,account_opening_activity,12.689669,3.5742836
active_revolving_share,revolving_utilization,11.2158375,3.9771605
addr_state,geographic_profile,3.2538743,18.289219
all_util_ge_100_flag,balance_credit_limit_pressure,-0.79514843,6.121326
all_util_ge_30_flag,balance_credit_limit_pressure,-0.75956756,6.0018187
all_util_ge_50_flag,balance_credit_limit_pressure,-0.7196252,6.1263013
all_util_ge_75_flag,balance_credit_limit_pressure,-0.77148163,5.9931784
all_util_ge_90_flag,balance_credit_limit_pressure,-0.7200143,6.1577005
all_util_missing_flag,missingness_or_unknown,-0.31357604,10.144897
annual_inc,income_capacity,12.291903,7.5544734
annual_inc_band,income_capacity,3.2270555,18.58368
annual_inc_is_zero,income_capacity,-3.0914602,7.844087
annual_inc_joint_missing_flag,missingness_or_unknown,-2.2407746,10.650776
annual_inc_missing_flag,missingness_or_unknown,-2.5017326,10.594283
application_type,loan_terms,3.461442,17.399216
application_type_verification_status,joint_applicant,3.610143,17.901014
avg_cur_bal,balance_credit_limit_pressure,12.946406,5.9404593
avg_cur_bal_gap,balance_credit_limit_pressure,13.074926,6.5016785
avg_cur_bal_is_zero,balance_credit_limit_pressure,-2.5078793,6.8792176
avg_cur_bal_missing_flag,missingness_or_unknown,-2.1405153,10.850392
avg_cur_bal_to_income,balance_credit_limit_pressure,13.139365,6.3273163
avg_cur_bal_to_loan_amnt,exposure_amount,12.941378,6.5506263
balance_to_high_credit_limit,balance_credit_limit_pressure,12.869601,7.841143
bankruptcy_history_flag,delinquency_derogatory,-1.5000962,9.428521
bankruptcy_or_pubrec_count,delinquency_derogatory,9.7025795,-0.1706228
bc_limit_to_income_band,income_capacity,3.972348,18.301825
bc_open_to_buy,bankcard_capacity,11.758291,7.1008773
bc_open_to_buy_is_zero,bankcard_capacity,-2.4992158,7.2801795
bc_open_to_buy_missing_flag,missingness_or_unknown,-0.4460216,9.968107
bc_open_to_buy_share,bankcard_capacity,13.195144,6.345056
bc_open_to_buy_to_income,bankcard_capacity,13.185491,6.390154
bc_open_to_buy_to_loan_amnt,bankcard_capacity,12.631318,6.808976
bc_util,bankcard_capacity,12.014947,5.5949025
bc_util_band,bankcard_capacity,3.3831306,18.6302
bc_util_ge_100_flag,bankcard_capacity,-2.9559655,7.3253183
bc_util_ge_30_flag,bankcard_capacity,-3.6233778,7.7309895
bc_util_ge_50_flag,bankcard_capacity,-3.7735944,7.790389
bc_util_ge_75_flag,bankcard_capacity,-3.8513737,7.8665514
bc_util_ge_90_flag,bankcard_capacity,-3.6647666,7.6807647
bc_util_minus_revol_util,bankcard_capacity,12.0204,5.642216
bc_util_missing_flag,missingness_or_unknown,-0.54167664,10.322934
chargeoff_within_12_mths,delinquency_derogatory,9.857585,-0.5294311
chargeoff_within_12_mths_is_zero,delinquency_derogatory,-1.0617797,9.339804
chargeoff_within_12_mths_missing_flag,missingness_or_unknown,-0.34004787,10.530349
chargeoff_within_12_mths_per_credit_history_year,delinquency_derogatory,9.987957,-0.28419527
chargeoff_within_12_mths_per_open_acc,delinquency_derogatory,9.927446,-0.45042753
chargeoff_within_12_mths_per_total_acc,delinquency_derogatory,9.9304695,-0.5899755
chargeoff_within_12_mths_positive_flag,delinquency_derogatory,-1.0872626,9.322554
collections_12_mths_ex_med,delinquency_derogatory,9.868945,-0.09285263
collections_12_mths_ex_med_is_zero,delinquency_derogatory,-0.96283823,9.91781
collections_12_mths_ex_med_missing_flag,missingness_or_unknown,-0.13732985,10.586906
collections_12_mths_ex_med_per_credit_history_year,delinquency_derogatory,9.93689,0.06503621
collections_12_mths_ex_med_per_open_acc,delinquency_derogatory,10.058888,-0.15910092
collections_12_mths_ex_med_per_total_acc,delinquency_derogatory,10.109557,-0.44165727
collections_12_mths_ex_med_positive_flag,delinquency_derogatory,-0.92864156,9.66927
credit_history_band,credit_history_length,3.2800112,18.724625
credit_history_months,credit_history_length,12.463044,4.0312414
credit_history_months_missing_flag,missingness_or_unknown,-3.0703766,10.307403
credit_history_short_flag,credit_history_length,-3.119864,10.150317
credit_history_years,credit_history_length,12.54904,3.913528
credit_history_years_x_fico,fico_credit_score,12.732346,5.1826353
credit_lines_per_history_band,account_mix_credit_depth,3.4054477,18.682093
credit_lines_per_history_year,account_mix_credit_depth,12.849606,5.819285
delinq_2yrs,delinquency_derogatory,10.113949,0.71220666
delinq_2yrs_band,delinquency_derogatory,3.9366763,18.399546
delinq_2yrs_is_zero,delinquency_derogatory,-3.410584,8.343707
delinq_2yrs_missing_flag,missingness_or_unknown,-1.5757332,10.915463
delinq_2yrs_per_credit_history_year,delinquency_derogatory,10.555708,0.97385204
delinq_2yrs_per_open_acc,delinquency_derogatory,10.400933,0.5541163
delinq_2yrs_per_total_acc,delinquency_derogatory,10.215627,0.17241426
delinq_2yrs_positive_flag,delinquency_derogatory,-3.2053874,8.448449
delinq_amnt,delinquency_derogatory,9.904393,-0.7937741
delinq_amnt_is_zero,delinquency_derogatory,-0.6686889,9.415386
delinq_amnt_missing_flag,missingness_or_unknown,-0.0031494454,10.510045
delinq_amnt_to_income,delinquency_derogatory,9.9764,-0.7583256
delinq_amnt_to_loan_amnt,delinquency_derogatory,9.893537,-0.8524356
delinquency_history_flag,delinquency_derogatory,-2.1823628,9.149812
delinquency_pressure,delinquency_derogatory,9.91585,0.29493126
delinquency_pressure_band,delinquency_derogatory,3.967972,18.350729
delinquency_pressure_x_fico,fico_credit_score,9.927259,-0.8370492
dti,income_capacity,11.9152775,6.240343
dti_adjusted_bc_util,income_capacity,12.479017,5.9628477
dti_adjusted_revol_util,income_capacity,12.49898,6.3408885
dti_band,income_capacity,3.3518574,18.719063
dti_joint_missing_flag,missingness_or_unknown,-1.6971838,10.828762
dti_missing_flag,missingness_or_unknown,-1.711495,10.925038
dti_x_bc_util,income_capacity,12.021283,6.3437448
dti_x_revol_util,income_capacity,12.120881,7.2381315
earliest_cr_line_missing_flag,missingness_or_unknown,-0.6130807,10.376288
emp_length,income_capacity,3.3785884,18.033112
emp_length_group,income_capacity,3.3828769,17.946512
emp_length_missing_flag,missingness_or_unknown,-1.122641,10.493711
emp_length_years,income_capacity,12.52131,3.9333887
fico_adjusted_bc_util,fico_credit_score,10.822675,4.3396773
fico_adjusted_revol_util,fico_credit_score,12.810618,6.661781
fico_band,fico_credit_score,3.4703364,18.687963
fico_band_x_term,fico_credit_score,3.5220184,17.647457
fico_mean,fico_credit_score,12.999713,6.503458
fico_midpoint_scaled,fico_credit_score,13.070381,6.4926934
fico_range_high,fico_credit_score,11.395822,4.9178805
fico_range_low,fico_credit_score,11.198199,4.499675
fico_span,fico_credit_score,-0.8827246,7.3746333
fico_to_income,fico_credit_score,12.912548,7.583243
fico_to_loan_amount,fico_credit_score,12.628856,7.4931326
has_mortgage_flag,mortgage_history,-3.931395,8.150616
has_public_record_flag,delinquency_derogatory,-1.8308232,9.202133
has_recent_inquiry_flag,recent_inquiries,-3.840442,8.436704
high_bc_util_flag,bankcard_capacity,-3.7494938,7.773381
high_dti_flag,income_capacity,-1.4845551,7.996648
high_revol_util_flag,revolving_utilization,-0.7994913,7.1490498
home_ownership,loan_terms,3.273872,17.74863
home_ownership_group,loan_terms,3.2728207,17.622198
il_util_ge_100_flag,balance_credit_limit_pressure,-0.7512848,6.1087246
il_util_ge_30_flag,balance_credit_limit_pressure,-0.7890763,6.0221157
il_util_ge_50_flag,balance_credit_limit_pressure,-0.8141073,5.9974694
il_util_ge_75_flag,balance_credit_limit_pressure,-0.83414155,5.9399195
il_util_ge_90_flag,balance_credit_limit_pressure,-0.7663447,6.03091
il_util_missing_flag,missingness_or_unknown,-0.4182722,10.190328
initial_list_status,loan_terms,3.3605487,17.416382
inq_6m_per_open_acc,recent_inquiries,10.771152,0.9860548
inq_fi_is_zero,recent_inquiries,-2.606681,8.642741
inq_fi_missing_flag,missingness_or_unknown,-1.4175383,10.468804
inq_fi_positive_flag,recent_inquiries,-2.4768252,8.512919
inq_last_12m_is_zero,recent_inquiries,-2.710255,8.831383
inq_last_12m_missing_flag,missingness_or_unknown,-2.2076795,10.811026
inq_last_12m_positive_flag,recent_inquiries,-2.6474698,8.544952
inq_last_6mths,recent_inquiries,10.776689,1.680656
inq_last_6mths_band,recent_inquiries,3.5140874,18.740484
inq_last_6mths_is_zero,recent_inquiries,-3.8572996,8.387571
inq_last_6mths_missing_flag,missingness_or_unknown,-1.6263072,11.051509
inq_last_6mths_per_credit_history_year,recent_inquiries,10.990709,2.0132754
inq_last_6mths_per_open_acc,recent_inquiries,10.930854,1.7845166
inq_last_6mths_per_total_acc,recent_inquiries,10.928141,1.8973137
inq_last_6mths_positive_flag,recent_inquiries,-3.7834203,8.154789
joint_application_flag,joint_applicant,-0.3278664,9.941005
joint_income_available_flag,income_capacity,-0.50608665,9.879018
loan_amnt,exposure_amount,12.010159,7.4141884
loan_amnt_band,exposure_amount,3.5309186,18.077545
loan_amnt_to_income,exposure_amount,12.638832,6.814621
loan_per_open_acc,account_mix_credit_depth,12.309719,7.566879
loan_per_total_acc,account_mix_credit_depth,12.375549,7.642871
loan_to_income,income_capacity,12.4240675,7.6175466
loan_to_income_band,income_capacity,3.8595328,18.16136
loan_to_income_x_fico,income_capacity,12.421757,7.713373
loan_to_total_credit_limit_v2,balance_credit_limit_pressure,12.746114,7.714892
loan_to_total_limit,balance_credit_limit_pressure,12.89155,7.7867355
log_acc_now_delinq,delinquency_derogatory,10.130631,0.18569401
log_acc_open_past_24mths,account_opening_activity,12.293588,3.5440207
log_annual_inc,income_capacity,12.35435,4.5759354
log_avg_cur_bal,balance_credit_limit_pressure,12.246035,4.603793
log_bc_open_to_buy,bankcard_capacity,12.079069,4.6131854
log_chargeoff_within_12_mths,delinquency_derogatory,9.752498,-0.46003938
log_collections_12_mths_ex_med,delinquency_derogatory,9.86528,0.17394054
log_delinq_2yrs,delinquency_derogatory,10.052538,0.6693462
log_delinq_amnt,delinquency_derogatory,9.898585,-0.78426415
log_inq_last_6mths,recent_inquiries,10.732694,1.6377591
log_loan_amnt,exposure_amount,12.115344,4.9638534
log_mort_acc,mortgage_history,11.351073,2.7567663
log_num_accts_ever_120_pd,credit_risk_other_reviewed,10.565031,1.3625511
log_num_actv_bc_tl,bankcard_capacity,11.039839,2.8746374
log_num_actv_rev_tl,account_mix_credit_depth,11.189606,3.0370088
log_num_bc_sats,bankcard_capacity,10.985215,2.885044
log_num_bc_tl,bankcard_capacity,11.093182,2.9092376
log_num_il_tl,account_mix_credit_depth,11.107435,2.9618418
log_num_op_rev_tl,account_mix_credit_depth,11.200304,3.0812192
log_num_rev_accts,account_mix_credit_depth,11.149941,3.083975
log_num_rev_tl_bal_gt_0,balance_credit_limit_pressure,11.255632,3.057127
log_num_sats,account_mix_credit_depth,10.98511,2.9502194
log_num_tl_120dpd_2m,delinquency_derogatory,10.38068,0.104203485
log_num_tl_30dpd,delinquency_derogatory,10.276951,0.04538226
log_num_tl_90g_dpd_24m,delinquency_derogatory,9.978069,0.35071495
log_num_tl_op_past_12m,account_opening_activity,11.420723,2.9417155
log_open_acc,account_mix_credit_depth,11.275391,3.030488
log_pub_rec,delinquency_derogatory,9.896898,0.51746154
log_pub_rec_bankruptcies,delinquency_derogatory,9.815151,0.45139822
log_revol_bal,revolving_utilization,11.889701,3.987199
log_tax_liens,delinquency_derogatory,9.744557,0.058785517
log_tot_coll_amt,balance_credit_limit_pressure,11.63612,6.8484488
log_tot_cur_bal,balance_credit_limit_pressure,12.09661,4.8597903
log_tot_hi_cred_lim,balance_credit_limit_pressure,12.112299,6.294905
log_total_acc,account_mix_credit_depth,11.340103,3.2158995
log_total_bal_ex_mort,balance_credit_limit_pressure,12.223819,4.732754
log_total_bc_limit,bankcard_capacity,11.877225,4.30546
log_total_il_high_credit_limit,balance_credit_limit_pressure,11.900482,6.0033627
log_total_rev_hi_lim,balance_credit_limit_pressure,11.824788,5.791463
low_fico_flag,fico_credit_score,-0.7845171,8.840129
max_bal_bc_is_zero,bankcard_capacity,-2.5484369,7.0230327
max_bal_bc_missing_flag,missingness_or_unknown,-2.071273,10.618657
mo_sin_old_il_acct,credit_history_length,12.420298,3.9793925
mo_sin_old_il_acct_inverse_recency,credit_history_length,11.231856,4.0092134
mo_sin_old_il_acct_missing_flag,missingness_or_unknown,-2.0153043,10.865076
mo_sin_old_il_acct_recent_12m_flag,credit_history_length,-4.45642,9.775854
mo_sin_old_il_acct_recent_24m_flag,credit_history_length,-4.5197153,9.743119
mo_sin_old_il_acct_seasoned_60m_flag,credit_history_length,-4.214063,9.010039
mo_sin_old_rev_tl_op,credit_history_length,12.317236,4.189381
mo_sin_old_rev_tl_op_inverse_recency,credit_history_length,11.444496,4.053604
mo_sin_old_rev_tl_op_missing_flag,missingness_or_unknown,-0.33481446,10.560521
mo_sin_old_rev_tl_op_recent_12m_flag,credit_history_length,-4.59392,9.706904
mo_sin_old_rev_tl_op_recent_24m_flag,credit_history_length,-4.5095053,9.735907
mo_sin_old_rev_tl_op_seasoned_60m_flag,credit_history_length,-4.453622,9.517591
mo_sin_rcnt_rev_tl_op,credit_history_length,12.181643,4.2243276
mo_sin_rcnt_rev_tl_op_inverse_recency,credit_history_length,11.516928,4.1566033
mo_sin_rcnt_rev_tl_op_missing_flag,missingness_or_unknown,-0.010392177,10.388829
mo_sin_rcnt_rev_tl_op_recent_12m_flag,credit_history_length,-4.369022,9.573666
mo_sin_rcnt_rev_tl_op_recent_24m_flag,credit_history_length,-4.49391,9.600763
mo_sin_rcnt_rev_tl_op_seasoned_60m_flag,credit_history_length,-4.5650115,9.563978
mo_sin_rcnt_tl,credit_history_length,12.277352,4.1653204
mo_sin_rcnt_tl_inverse_recency,credit_history_length,11.563182,4.036577
mo_sin_rcnt_tl_missing_flag,missingness_or_unknown,-0.12214133,10.289756
mo_sin_rcnt_tl_recent_12m_flag,credit_history_length,-4.3573275,9.433816
mo_sin_rcnt_tl_recent_24m_flag,credit_history_length,-4.5391684,9.66453
mo_sin_rcnt_tl_seasoned_60m_flag,credit_history_length,-4.456601,9.510266
mort_acc,mortgage_history,12.330434,2.992678
mort_acc_band,mortgage_history,3.3544433,18.844334
mort_acc_is_zero,mortgage_history,-3.9744267,8.195497
mort_acc_missing_flag,missingness_or_unknown,-1.5205216,10.442403
mort_acc_per_credit_history_year,mortgage_history,12.63688,3.1324365
mort_acc_per_open_acc,mortgage_history,10.81799,3.7265627
mort_acc_per_total_acc,mortgage_history,12.442571,3.2488365
mort_acc_positive_flag,mortgage_history,-3.8953526,8.060633
mort_balance_pressure,mortgage_history,12.114636,5.914563
mths_since_last_delinq,delinquency_derogatory,11.880816,2.4091055
mths_since_last_delinq_inverse_recency,delinquency_derogatory,11.532984,1.9286481
mths_since_last_delinq_missing_flag,missingness_or_unknown,-3.290327,10.62621
mths_since_last_delinq_recent_12m_flag,delinquency_derogatory,-3.4738302,10.122978
mths_since_last_delinq_recent_24m_flag,delinquency_derogatory,-3.776781,9.659844
mths_since_last_delinq_seasoned_60m_flag,delinquency_derogatory,-3.8387914,9.576829
mths_since_last_major_derog,delinquency_derogatory,11.90106,2.2698903
mths_since_last_major_derog_inverse_recency,delinquency_derogatory,11.547165,1.8831155
mths_since_last_major_derog_missing_flag,missingness_or_unknown,-3.1700091,10.561351
mths_since_last_major_derog_recent_12m_flag,delinquency_derogatory,-3.3816276,10.107923
mths_since_last_major_derog_recent_24m_flag,delinquency_derogatory,-3.4919844,9.934118
mths_since_last_major_derog_seasoned_60m_flag,delinquency_derogatory,-3.7232888,9.494548
mths_since_last_record,credit_history_length,12.029171,2.3499188
mths_since_last_record_inverse_recency,credit_history_length,11.817196,2.1199415
mths_since_last_record_missing_flag,missingness_or_unknown,-3.1505883,10.527141
mths_since_last_record_recent_12m_flag,credit_history_length,-4.2889094,9.899853
mths_since_last_record_recent_24m_flag,credit_history_length,-4.355955,9.825139
mths_since_last_record_seasoned_60m_flag,credit_history_length,-4.239421,9.009514
mths_since_rcnt_il_missing_flag,missingness_or_unknown,-0.19111225,10.2439575
mths_since_rcnt_il_recent_12m_flag,credit_history_length,-4.316594,9.879938
mths_since_rcnt_il_recent_24m_flag,credit_history_length,-4.353885,9.856424
mths_since_rcnt_il_seasoned_60m_flag,credit_history_length,-4.3962283,9.785648
mths_since_recent_bc,bankcard_capacity,12.40715,4.039638
mths_since_recent_bc_dlq,bankcard_capacity,11.966817,2.2489777
mths_since_recent_bc_dlq_inverse_recency,bankcard_capacity,11.8095665,2.1026342
mths_since_recent_bc_dlq_missing_flag,missingness_or_unknown,-3.2257009,10.488346
mths_since_recent_bc_dlq_recent_12m_flag,bankcard_capacity,-4.158924,9.380692
mths_since_recent_bc_dlq_recent_24m_flag,bankcard_capacity,-4.1429467,9.125968
mths_since_recent_bc_dlq_seasoned_60m_flag,bankcard_capacity,-4.1288085,9.012477
mths_since_recent_bc_inverse_recency,bankcard_capacity,11.798067,3.6012294
mths_since_recent_bc_missing_flag,missingness_or_unknown,-2.2453444,10.80126
mths_since_recent_bc_recent_12m_flag,bankcard_capacity,-4.1894755,8.747645
mths_since_recent_bc_recent_24m_flag,bankcard_capacity,-4.2108727,8.802795
mths_since_recent_bc_seasoned_60m_flag,bankcard_capacity,-4.176175,8.948018
mths_since_recent_inq,recent_inquiries,11.799262,3.2903295
mths_since_recent_inq_inverse_recency,recent_inquiries,11.633797,3.388788
mths_since_recent_inq_missing_flag,missingness_or_unknown,-2.583843,10.696164
mths_since_recent_inq_recent_12m_flag,recent_inquiries,-3.978853,9.263298
mths_since_recent_inq_recent_24m_flag,recent_inquiries,-3.8942902,9.606126
mths_since_recent_revol_delinq,delinquency_derogatory,11.860086,2.218552
mths_since_recent_revol_delinq_inverse_recency,delinquency_derogatory,11.576502,1.9427826
mths_since_recent_revol_delinq_missing_flag,missingness_or_unknown,-3.2713497,10.544937
mths_since_recent_revol_delinq_recent_12m_flag,delinquency_derogatory,-3.339034,10.22965
mths_since_recent_revol_delinq_recent_24m_flag,delinquency_derogatory,-3.457313,10.160257
mths_since_recent_revol_delinq_seasoned_60m_flag,delinquency_derogatory,-3.7399626,9.728582
num_accts_ever_120_pd,credit_risk_other_reviewed,10.414061,1.1138991
num_accts_ever_120_pd_is_zero,credit_risk_other_reviewed,-3.5088723,8.240673
num_accts_ever_120_pd_missing_flag,missingness_or_unknown,-1.1406958,11.20588
num_accts_ever_120_pd_per_credit_history_year,credit_history_length,10.969142,1.8531617
num_accts_ever_120_pd_per_open_acc,account_mix_credit_depth,10.903794,1.4904966
num_accts_ever_120_pd_per_total_acc,account_mix_credit_depth,10.923232,1.7626582
num_accts_ever_120_pd_positive_flag,credit_risk_other_reviewed,-3.4832606,8.163907
num_actv_bc_tl,bankcard_capacity,10.80181,3.0092854
num_actv_bc_tl_is_zero,bankcard_capacity,-2.7415018,6.7662587
num_actv_bc_tl_missing_flag,missingness_or_unknown,-0.8607446,11.152121
num_actv_bc_tl_per_credit_history_year,bankcard_capacity,12.809107,3.088221
num_actv_bc_tl_per_open_acc,bankcard_capacity,10.537284,3.6163628
num_actv_bc_tl_per_total_acc,bankcard_capacity,10.562553,3.933317
num_actv_bc_tl_positive_flag,bankcard_capacity,-2.7944243,6.6647215
num_actv_rev_tl,account_mix_credit_depth,11.119488,3.2638335
num_actv_rev_tl_is_zero,account_mix_credit_depth,-2.6475022,6.4958463
num_actv_rev_tl_missing_flag,missingness_or_unknown,-0.5275894,10.937683
num_actv_rev_tl_per_credit_history_year,credit_history_length,12.873573,3.085039
num_actv_rev_tl_per_open_acc,account_mix_credit_depth,10.616612,4.0061507
num_actv_rev_tl_per_total_acc,account_mix_credit_depth,10.823945,4.2553644
num_actv_rev_tl_positive_flag,account_mix_credit_depth,-2.5465147,6.5317607
num_bc_sats,bankcard_capacity,10.731137,3.305625
num_bc_sats_is_zero,bankcard_capacity,-2.8508377,6.6213756
num_bc_sats_missing_flag,missingness_or_unknown,-0.89999634,11.233444
num_bc_sats_per_credit_history_year,bankcard_capacity,12.751526,3.099337
num_bc_sats_per_open_acc,bankcard_capacity,10.524018,3.69053
num_bc_sats_per_total_acc,bankcard_capacity,10.553087,3.9006221
num_bc_sats_positive_flag,bankcard_capacity,-2.9276216,6.547858
num_bc_sats_share,bankcard_capacity,10.845733,2.8891292
num_bc_tl,bankcard_capacity,10.920788,2.9168332
num_bc_tl_is_zero,bankcard_capacity,-2.826486,6.771783
num_bc_tl_missing_flag,missingness_or_unknown,-1.0745295,11.139622
num_bc_tl_per_credit_history_year,bankcard_capacity,12.795162,3.0821187
num_bc_tl_per_open_acc,bankcard_capacity,10.536741,3.7626262
num_bc_tl_per_total_acc,bankcard_capacity,10.665742,3.8887296
num_bc_tl_positive_flag,bankcard_capacity,-2.8393285,6.66796
num_il_tl,account_mix_credit_depth,11.169204,3.6233964
num_il_tl_is_zero,account_mix_credit_depth,-2.7044306,6.732003
num_il_tl_missing_flag,missingness_or_unknown,-0.93425775,11.117922
num_il_tl_per_credit_history_year,credit_history_length,12.840526,3.1515932
num_il_tl_per_open_acc,account_mix_credit_depth,10.613249,4.038058
num_il_tl_per_total_acc,account_mix_credit_depth,10.873864,4.2685766
num_il_tl_positive_flag,account_mix_credit_depth,-2.8588493,6.7212434
num_op_rev_tl,account_mix_credit_depth,11.266613,4.1384673
num_op_rev_tl_is_zero,account_mix_credit_depth,-2.6770766,6.5347776
num_op_rev_tl_missing_flag,missingness_or_unknown,-0.39009503,10.814475
num_op_rev_tl_per_credit_history_year,credit_history_length,12.8799095,3.1321018
num_op_rev_tl_per_open_acc,account_mix_credit_depth,10.701613,4.1628075
num_op_rev_tl_per_total_acc,account_mix_credit_depth,10.848186,4.3221617
num_op_rev_tl_positive_flag,account_mix_credit_depth,-2.5506046,6.6251407
num_rev_accts,account_mix_credit_depth,11.1228285,3.8590224
num_rev_accts_is_zero,account_mix_credit_depth,-2.7379532,6.5764003
num_rev_accts_missing_flag,missingness_or_unknown,-1.01255,11.097818
num_rev_accts_per_credit_history_year,credit_history_length,12.879531,3.1514904
num_rev_accts_per_open_acc,account_mix_credit_depth,10.642809,4.105315
num_rev_accts_per_total_acc,account_mix_credit_depth,10.810177,4.3105693
num_rev_accts_positive_flag,account_mix_credit_depth,-2.802071,6.504045
num_rev_tl_bal_gt_0,balance_credit_limit_pressure,11.366251,3.2955942
num_rev_tl_bal_gt_0_is_zero,balance_credit_limit_pressure,-2.3911262,6.641359
num_rev_tl_bal_gt_0_missing_flag,missingness_or_unknown,-0.77358115,11.012038
num_rev_tl_bal_gt_0_per_credit_history_year,credit_history_length,12.780897,3.0751817
num_rev_tl_bal_gt_0_per_open_acc,account_mix_credit_depth,10.470779,3.9700906
num_rev_tl_bal_gt_0_per_total_acc,account_mix_credit_depth,10.677152,4.1278415
num_rev_tl_bal_gt_0_positive_flag,balance_credit_limit_pressure,-2.3868768,6.5217557
num_sats,account_mix_credit_depth,10.852169,3.5101736
num_sats_is_zero,account_mix_credit_depth,-2.871438,6.480772
num_sats_missing_flag,missingness_or_unknown,-0.79878175,11.261974
num_sats_per_credit_history_year,credit_history_length,12.847175,3.1648262
num_sats_per_open_acc,account_mix_credit_depth,10.507219,3.7899978
num_sats_per_total_acc,account_mix_credit_depth,10.549171,3.9896164
num_sats_positive_flag,account_mix_credit_depth,-2.8510344,6.5574617
num_sats_share,account_mix_credit_depth,10.712645,3.5677125
num_tl_120dpd_2m,delinquency_derogatory,10.359423,0.43593866
num_tl_120dpd_2m_is_zero,delinquency_derogatory,-1.3372827,8.748259
num_tl_120dpd_2m_missing_flag,missingness_or_unknown,-1.1970534,10.916149
num_tl_120dpd_2m_per_credit_history_year,delinquency_derogatory,10.6165495,0.6389575
num_tl_120dpd_2m_per_open_acc,delinquency_derogatory,10.732981,0.012429419
num_tl_120dpd_2m_per_total_acc,delinquency_derogatory,10.773299,-0.16157043
num_tl_120dpd_2m_positive_flag,delinquency_derogatory,-1.2134235,8.899919
num_tl_30dpd,delinquency_derogatory,10.297699,0.20976292
num_tl_30dpd_is_zero,delinquency_derogatory,-1.2169559,8.7959
num_tl_30dpd_missing_flag,missingness_or_unknown,-0.81961083,11.279518
num_tl_30dpd_per_credit_history_year,delinquency_derogatory,10.691806,0.6284961
num_tl_30dpd_per_open_acc,delinquency_derogatory,10.764198,-0.038470425
num_tl_30dpd_per_total_acc,delinquency_derogatory,10.723503,-0.1568674
num_tl_30dpd_positive_flag,delinquency_derogatory,-1.121176,8.82827
num_tl_90g_dpd_24m,delinquency_derogatory,10.273061,0.3948786
num_tl_90g_dpd_24m_is_zero,delinquency_derogatory,-1.3071941,8.829072
num_tl_90g_dpd_24m_missing_flag,missingness_or_unknown,-0.76698107,11.32511
num_tl_90g_dpd_24m_per_credit_history_year,delinquency_derogatory,10.632003,0.55224246
num_tl_90g_dpd_24m_per_open_acc,delinquency_derogatory,10.779355,-0.041083064
num_tl_90g_dpd_24m_per_total_acc,delinquency_derogatory,10.647882,-0.18747877
num_tl_90g_dpd_24m_positive_flag,delinquency_derogatory,-1.3007152,8.823618
num_tl_op_past_12m,account_opening_activity,12.24918,3.570577
num_tl_op_past_12m_band,account_opening_activity,3.3548946,18.790466
num_tl_op_past_12m_is_zero,account_opening_activity,-3.585054,8.232706
num_tl_op_past_12m_missing_flag,missingness_or_unknown,-1.1493814,11.173937
num_tl_op_past_12m_per_credit_history_year,account_opening_activity,12.900488,3.2468252
num_tl_op_past_12m_per_open_acc,account_opening_activity,10.865842,3.6975703
num_tl_op_past_12m_per_total_acc,account_opening_activity,11.008069,4.0063643
num_tl_op_past_12m_positive_flag,account_opening_activity,-3.3948028,8.124239
num_tl_op_past_12m_share,account_opening_activity,12.491497,3.6527162
open_acc,account_mix_credit_depth,11.903185,5.76021
open_acc_6m_is_zero,account_mix_credit_depth,-2.7294328,7.4824133
open_acc_6m_missing_flag,missingness_or_unknown,-2.1213973,10.644969
open_acc_6m_positive_flag,account_mix_credit_depth,-2.4972854,7.526642
open_acc_band,account_mix_credit_depth,3.4550002,18.676798
open_acc_is_zero,account_mix_credit_depth,-2.3038633,7.3293185
open_acc_missing_flag,missingness_or_unknown,-0.82016134,10.143249
open_acc_positive_flag,account_mix_credit_depth,-2.2017093,7.3855944
open_act_il_is_zero,account_mix_credit_depth,-2.1472096,7.227705
open_act_il_missing_flag,missingness_or_unknown,-0.41119468,10.037908
open_act_il_positive_flag,account_mix_credit_depth,-2.1866167,7.3714685
open_il_12m_is_zero,account_mix_credit_depth,-2.483841,7.232354
open_il_12m_missing_flag,missingness_or_unknown,-0.7298624,10.057875
open_il_12m_positive_flag,account_mix_credit_depth,-2.3492115,7.331954
open_il_24m_is_zero,account_mix_credit_depth,-3.116654,7.7000756
open_il_24m_missing_flag,missingness_or_unknown,-2.414862,10.777548
open_il_24m_positive_flag,account_mix_credit_depth,-2.9171107,7.5739317
open_revolving_share,revolving_utilization,11.708932,4.3280025
open_rv_12m_is_zero,revolving_utilization,-1.5695345,7.271656
open_rv_12m_missing_flag,missingness_or_unknown,-0.19918053,9.9454
open_rv_12m_positive_flag,revolving_utilization,-1.7086895,7.235436
open_rv_24m_is_zero,revolving_utilization,-2.0130692,7.0766606
open_rv_24m_missing_flag,missingness_or_unknown,-1.8036158,10.586206
open_rv_24m_positive_flag,revolving_utilization,-2.0751777,7.207497
pct_tl_nvr_dlq,delinquency_derogatory,11.306487,3.3482602
pct_tl_nvr_dlq_missing_flag,missingness_or_unknown,-0.7966656,11.314208
percent_bc_gt_75,bankcard_capacity,11.98668,5.456368
percent_bc_gt_75_missing_flag,missingness_or_unknown,-1.413261,10.5972595
prime_fico_flag,fico_credit_score,-2.16454,7.4713335
pub_rec,delinquency_derogatory,9.781526,-0.47119015
pub_rec_band,delinquency_derogatory,3.9909565,18.295454
pub_rec_bankruptcies,delinquency_derogatory,9.6838045,0.038661137
pub_rec_bankruptcies_is_zero,delinquency_derogatory,-1.5062517,9.007173
pub_rec_bankruptcies_missing_flag,missingness_or_unknown,-0.029490732,10.503284
pub_rec_bankruptcies_per_credit_history_year,delinquency_derogatory,9.843294,0.448885
pub_rec_bankruptcies_per_open_acc,delinquency_derogatory,9.977607,-0.046776503
pub_rec_bankruptcies_per_total_acc,delinquency_derogatory,10.211698,-0.25685322
pub_rec_bankruptcies_positive_flag,delinquency_derogatory,-1.5318301,9.035851
pub_rec_is_zero,delinquency_derogatory,-1.766542,8.808035
pub_rec_missing_flag,missingness_or_unknown,-0.38265517,10.778287
pub_rec_per_credit_history_year,delinquency_derogatory,10.671894,0.88684475
pub_rec_per_open_acc,delinquency_derogatory,10.708943,-0.057938036
pub_rec_per_total_acc,delinquency_derogatory,10.634691,-0.19640589
pub_rec_positive_flag,delinquency_derogatory,-1.878858,8.894615
purpose,loan_terms,3.2667177,17.623829
purpose_group,loan_terms,3.5494034,17.52873
purpose_group_x_dti_band,loan_terms,3.5873396,17.820051
purpose_verification_status,loan_terms,3.4552736,17.905428
recent_installment_activity_flag,credit_risk_other_reviewed,-3.5471814,10.080414
recent_opening_flag,account_opening_activity,-4.1724653,8.73233
recent_revolving_activity_flag,revolving_utilization,-3.8493536,10.150732
revol_bal,revolving_utilization,12.251883,7.566743
revol_bal_is_zero,revolving_utilization,-1.1936045,7.371047
revol_bal_joint_is_zero,revolving_utilization,-1.0489875,7.673777
revol_bal_joint_missing_flag,missingness_or_unknown,-0.14936408,10.101851
revol_bal_per_open_acc,revolving_utilization,12.764432,7.700752
revol_bal_per_total_acc,revolving_utilization,12.97057,7.6712856
revol_bal_to_income,revolving_utilization,13.108077,7.5389905
revol_bal_to_income_band,income_capacity,3.9125295,18.271475
revol_bal_to_loan_amnt,revolving_utilization,12.747926,7.364238
revol_balance_to_total_balance,revolving_utilization,13.181249,7.5586042
revol_util,revolving_utilization,12.543376,7.505058
revol_util_band,revolving_utilization,3.5662403,18.429863
revol_util_ge_100_flag,revolving_utilization,-0.80961263,7.172137
revol_util_ge_30_flag,revolving_utilization,-0.82822865,7.219545
revol_util_ge_50_flag,revolving_utilization,-0.80657846,7.1741133
revol_util_ge_75_flag,revolving_utilization,-0.79598534,7.149156
revol_util_ge_90_flag,revolving_utilization,-0.806978,7.132264
revol_util_missing_flag,missingness_or_unknown,0.011300278,10.1421585
revolving_capacity_gap,revolving_utilization,11.737506,7.4113564
sec_app_chargeoff_within_12_mths_is_zero,delinquency_derogatory,-1.1402806,9.284912
sec_app_chargeoff_within_12_mths_missing_flag,missingness_or_unknown,-1.118434,9.686698
sec_app_chargeoff_within_12_mths_positive_flag,delinquency_derogatory,-1.0737749,9.302785
sec_app_collections_12_mths_ex_med_is_zero,delinquency_derogatory,-1.1395987,9.179965
sec_app_collections_12_mths_ex_med_missing_flag,missingness_or_unknown,-1.1484581,10.621854
sec_app_collections_12_mths_ex_med_positive_flag,delinquency_derogatory,-1.1030704,9.207865
sec_app_credit_history_months_missing_flag,missingness_or_unknown,-2.1498458,10.334218
sec_app_earliest_cr_line_missing_flag,missingness_or_unknown,-1.5831695,10.320798
sec_app_fico_mean_missing_flag,missingness_or_unknown,-1.3492321,9.911764
sec_app_fico_range_high_missing_flag,missingness_or_unknown,-1.399623,10.495569
sec_app_fico_range_low_missing_flag,missingness_or_unknown,-1.4394416,10.31482
sec_app_inq_last_6mths_is_zero,recent_inquiries,-2.7656732,8.983315
sec_app_inq_last_6mths_missing_flag,missingness_or_unknown,-1.7107044,10.561025
sec_app_inq_last_6mths_positive_flag,recent_inquiries,-2.62226,8.7327585
sec_app_mort_acc_is_zero,mortgage_history,-2.6860707,8.483136
sec_app_mort_acc_missing_flag,missingness_or_unknown,-1.6298997,10.246895
sec_app_mort_acc_positive_flag,mortgage_history,-2.59758,8.480473
sec_app_mths_since_last_major_derog_missing_flag,missingness_or_unknown,-1.2531925,10.71907
sec_app_mths_since_last_major_derog_recent_12m_flag,delinquency_derogatory,-3.1814926,9.562341
sec_app_mths_since_last_major_derog_recent_24m_flag,delinquency_derogatory,-3.2124336,9.516454
sec_app_mths_since_last_major_derog_seasoned_60m_flag,delinquency_derogatory,-3.2400396,9.491294
sec_app_num_rev_accts_is_zero,joint_applicant,-2.5164423,8.569266
sec_app_num_rev_accts_missing_flag,missingness_or_unknown,-1.3301742,10.651191
sec_app_num_rev_accts_positive_flag,joint_applicant,-2.4421606,8.543237
sec_app_open_acc_is_zero,joint_applicant,-2.6356587,8.5399275
sec_app_open_acc_missing_flag,missingness_or_unknown,-1.7136197,10.296561
sec_app_open_acc_positive_flag,joint_applicant,-2.543221,8.422264
sec_app_open_act_il_is_zero,joint_applicant,-2.5053818,8.561823
sec_app_open_act_il_missing_flag,missingness_or_unknown,-1.0867127,10.414699
sec_app_open_act_il_positive_flag,joint_applicant,-2.4395936,8.403651
sec_app_revol_util_ge_100_flag,revolving_utilization,-0.26459423,8.080192
sec_app_revol_util_ge_30_flag,revolving_utilization,-0.27139062,8.070894
sec_app_revol_util_ge_50_flag,revolving_utilization,-0.2460805,8.086389
sec_app_revol_util_ge_75_flag,revolving_utilization,-0.21539718,8.10161
sec_app_revol_util_ge_90_flag,revolving_utilization,-0.25289878,8.069361
sec_app_revol_util_missing_flag,missingness_or_unknown,-1.0441368,10.423411
second_app_present_flag,joint_applicant,-1.8033617,10.167612
severe_delinquency_count,delinquency_derogatory,9.768922,0.36981627
sqrt_annual_inc,income_capacity,12.970605,6.0503097
sqrt_avg_cur_bal,balance_credit_limit_pressure,13.080476,5.9739394
sqrt_bc_open_to_buy,bankcard_capacity,12.920812,5.8760395
sqrt_delinq_amnt,delinquency_derogatory,10.601126,-0.29347524
sqrt_loan_amnt,exposure_amount,12.854371,6.127937
sqrt_revol_bal,revolving_utilization,12.8763485,5.935353
sqrt_tot_coll_amt,balance_credit_limit_pressure,11.809774,6.6288576
sqrt_tot_cur_bal,balance_credit_limit_pressure,12.963161,6.120792
sqrt_tot_hi_cred_lim,balance_credit_limit_pressure,12.676698,6.2722507
sqrt_total_bal_ex_mort,balance_credit_limit_pressure,13.032971,6.112361
sqrt_total_bc_limit,bankcard_capacity,12.247821,5.044317
sqrt_total_il_high_credit_limit,balance_credit_limit_pressure,12.789768,6.2774515
sqrt_total_rev_hi_lim,balance_credit_limit_pressure,12.610015,6.118407
state_region_group,geographic_profile,3.4620667,18.093065
tax_liens,delinquency_derogatory,9.707766,-0.3956646
tax_liens_is_zero,delinquency_derogatory,-1.356457,9.579831
tax_liens_missing_flag,missingness_or_unknown,-0.65468967,10.335669
tax_liens_per_credit_history_year,delinquency_derogatory,10.270807,0.5380629
tax_liens_per_open_acc,delinquency_derogatory,9.800546,-0.4728072
tax_liens_per_total_acc,delinquency_derogatory,9.79298,-0.5348136
tax_liens_positive_flag,delinquency_derogatory,-1.4343951,9.425385
term,loan_terms,3.3654718,17.437754
term_home_ownership,loan_terms,3.2988834,17.643705
term_months,loan_terms,3.3312302,17.45204
term_verification_status,loan_terms,3.5316958,17.78003
term_x_loan_to_income,income_capacity,12.316207,7.640848
thin_file_flag,account_mix_credit_depth,-1.5899104,9.586809
tot_coll_amt,balance_credit_limit_pressure,11.631143,7.254533
tot_coll_amt_is_zero,balance_credit_limit_pressure,-1.5543437,7.3593855
tot_coll_amt_missing_flag,missingness_or_unknown,-0.018105965,10.44719
tot_coll_amt_to_income,balance_credit_limit_pressure,11.593438,6.9225917
tot_coll_amt_to_loan_amnt,exposure_amount,11.804995,6.7961774
tot_cur_bal,balance_credit_limit_pressure,11.788286,7.3367534
tot_cur_bal_is_zero,balance_credit_limit_pressure,-1.89115,7.069919
tot_cur_bal_missing_flag,missingness_or_unknown,-0.2474129,10.385191
tot_cur_bal_per_open_acc,account_mix_credit_depth,12.468779,7.636239
tot_cur_bal_to_income,balance_credit_limit_pressure,12.899466,7.860459
tot_cur_bal_to_loan_amnt,exposure_amount,12.519295,6.845583
tot_hi_cred_lim,balance_credit_limit_pressure,11.634635,7.30751
tot_hi_cred_lim_is_zero,balance_credit_limit_pressure,-1.2915015,7.474617
tot_hi_cred_lim_missing_flag,missingness_or_unknown,-0.07652395,10.551514
tot_hi_cred_lim_to_income,balance_credit_limit_pressure,12.841541,7.850274
tot_hi_cred_lim_to_loan_amnt,exposure_amount,12.352931,6.906983
total_acc,account_mix_credit_depth,11.97738,5.736484
total_acc_band,account_mix_credit_depth,3.2645385,18.827541
total_acc_missing_flag,missingness_or_unknown,-1.4819114,10.953692
total_acc_positive_flag,account_mix_credit_depth,-2.454513,7.714428
total_bal_ex_mort,balance_credit_limit_pressure,11.715868,7.369113
total_bal_ex_mort_is_zero,mortgage_history,-2.788257,8.333786
total_bal_ex_mort_missing_flag,missingness_or_unknown,-1.6218712,10.568886
total_bal_ex_mort_per_open_acc,mortgage_history,13.187063,6.8162584
total_bal_ex_mort_to_income,mortgage_history,13.126809,7.5124984
total_bal_ex_mort_to_loan_amnt,mortgage_history,12.939844,6.8870177
total_bal_il_is_zero,balance_credit_limit_pressure,-1.9737926,7.096568
total_bal_il_missing_flag,missingness_or_unknown,-1.8709439,10.752456
total_bal_to_income_band,income_capacity,3.834234,18.28838
total_bc_limit,bankcard_capacity,11.765873,7.2132726
total_bc_limit_is_zero,bankcard_capacity,-2.122544,7.0988827
total_bc_limit_missing_flag,missingness_or_unknown,-1.3998419,11.01696
total_bc_limit_per_bc_trade,bankcard_capacity,12.078123,5.8275514
total_bc_limit_to_income,bankcard_capacity,12.781291,7.725519
total_bc_limit_to_loan_amnt,bankcard_capacity,12.110221,6.51222
total_bc_limit_to_total_rev_limit,bankcard_capacity,12.547654,5.8082066
total_cu_tl_is_zero,balance_credit_limit_pressure,-2.3511443,7.068698
total_cu_tl_missing_flag,missingness_or_unknown,-1.580845,10.862819
total_cu_tl_positive_flag,balance_credit_limit_pressure,-2.269197,7.0545197
total_il_high_credit_limit,balance_credit_limit_pressure,11.692142,7.3280225
total_il_high_credit_limit_is_zero,balance_credit_limit_pressure,-1.6158565,7.379869
total_il_high_credit_limit_missing_flag,missingness_or_unknown,-0.21589896,10.71675
total_il_high_credit_limit_to_income,balance_credit_limit_pressure,12.912624,7.823684
total_il_high_credit_limit_to_loan_amnt,exposure_amount,12.248598,6.9046836
total_rev_hi_lim,balance_credit_limit_pressure,11.631403,7.2271237
total_rev_hi_lim_is_zero,balance_credit_limit_pressure,-1.1733676,7.801986
total_rev_hi_lim_missing_flag,missingness_or_unknown,-0.26843768,10.702396
total_rev_hi_lim_per_rev_trade,balance_credit_limit_pressure,11.646417,7.2833834
total_rev_hi_lim_to_income,balance_credit_limit_pressure,12.766962,7.7817097
total_rev_hi_lim_to_loan_amnt,exposure_amount,12.103376,6.7527814
utilization_pressure,revolving_utilization,12.688408,7.429648
utilization_pressure_band,revolving_utilization,3.5122738,18.452227
utilization_pressure_x_fico,fico_credit_score,11.817521,7.459232
verification_group,credit_risk_other_reviewed,3.675882,17.827755
verification_group_x_loan_to_income_band,income_capacity,3.6523888,17.75278
verification_status,loan_terms,3.5237288,17.886377
verification_status_joint_missing_flag,missingness_or_unknown,-0.7142977,10.527751
very_high_dti_flag,income_capacity,-1.4654517,7.8160534
