feature_id,feature_name,semantic_group,umap_1,umap_2
003a632c6e79c3baedbd70bc63a40a6adef91f67ca37664f5cda55154720ec9d,POS_TOTAL_INSTALMENT_PROG_MEAN,other,-2.6460242,-3.5802493
00b98b466217a83fb194c39a1888e1fb9021d06c893e1c8c53ade718ca19ce33,PREV_DAYS_TERMINATION_VAR,previous_application_behavior,-0.7953496,-3.1896362
00dd7d3974a0e6e2aaeb746855f022aa631440e3e7469837ab7174cbc6cce78f,CC_AMT_RECEIVABLE_PRINCIPAL_MIN,credit_card_utilization,2.1799045,-4.770424
0114a78808c91bfd7fb6300407b7572a9f5f9555ed6d8802bd4c70fdb72b2784,BURO_DAYS_CREDIT_UPDATE_MEAN,bureau_credit_history,-6.5290294,-3.4246955
0161bcced4f0b91799586a010338f8c7f0726f03ab35d492eaa4e1b7924e2f4b,ENTRANCES_AVG,application_amounts,1.4439167,4.9215646
038c5c1209c5ea7f41535291e7afda44c3bf058670cea0fc69ec8d83594a9947,INSTAL_DAYS_INSTALMENT_SUM,installment_repayment_behavior,-4.9450765,-4.4295697
049727f55aa03c7fee634db797171169ed9f76ec44c0883f11f316c537039f62,HOUSETYPE_MODE,application_amounts,1.0490149,6.4776545
04bf00e8f072e2aded064e236700a063b2a0cb3a9564f0dc12418be77b86a8f4,FLAG_WORK_PHONE,other,18.058832,2.4707098
0545e6ff37a9cdbc53bd1badb80c9163defdc8f5e1d01058d39d571d78d79755,CC_AMT_RECEIVABLE_PRINCIPAL_VAR,credit_card_utilization,3.5132687,-4.6615076
06442f97ce20839507f15087b289dc673e3a8a24d29d8c7a967f973bc6ffb84e,FLAG_EMP_PHONE,other,18.11967,2.4165027
06598ce5eaa9d13101ad080b3e172f3fda7eadb077b4fd35f8f2568ac829ba46,FLAG_DOCUMENT_18,other,19.026102,1.4610987
06d838302d34c295e9c553fe48eb95561db04f1425823e0eb9b731dfec4a940d,PREV_AMT_GOODS_PRICE_MEAN,previous_application_behavior,-0.28148603,-2.0620444
07213c935c491b2ab3e4a5951b4baac331c68d1fb5e37f1973d8083a8cc2410c,FLAG_DOCUMENT_8,other,18.869099,1.9448622
077284452310025702de72d73cffeccabb29ba4a546ec64b696afc79d93e816c,CODE_GENDER,application_amounts,1.0517282,7.054735
0819e4dcc130f2830b0e2c60f9451ae6659571abea9aa08d35929a021b39830d,HOUR_APPR_PROCESS_START,demographic_time_variables,2.0312672,4.063122
08def8f7a1db5947262fccfd8b6f035d21cf2e27443d472f44ea56740fb12392,PREV_RATE_DOWN_PAYMENT_MIN,previous_application_behavior,2.055407,0.93581754
0959cd84aab46bc5e5329a7d7eeda5d8932c5f4d4b17595dfedc587b65876f34,CC_DRAWING_RATIO_MAX,credit_card_utilization,2.5202105,-3.2666075
097e2ef91cf16eb64f7085c00813dd1811ff819df04d258831ebf81ec05be691,INSTAL_AMT_INSTALMENT_SUM,installment_repayment_behavior,-1.8075991,-2.9056377
09c56a69c9b88b10b43f5ee8501d666e7311f451cf5c9f59ee433d3599cbdf08,INSTAL_IS_LATE_MEAN,installment_repayment_behavior,2.1857393,1.0256838
0aa5261586994d912a2942c60cb28a74701ae00085f60bb968e378ee723cf965,CC_AMT_INST_MIN_REGULARITY_MAX,credit_card_utilization,2.4374962,-4.5926876
0af94fef770b39fb26229d798a20025744625bf4c3f3e0074fd635570bfae26d,ENTRANCES_MEDI,application_amounts,1.3252652,4.8242974
0d4006d419e071925cf170864267d0eca1c85b4b3c3c4ae4188e1242f793d41e,BURO_CREDIT_DURATION_SUM,bureau_credit_history,2.3136616,-2.3995347
0da1330d778638c276360589e35508fd72407e4d01747f91a8704a80252be4d8,FLAG_DOCUMENT_15,other,19.077477,1.3619685
0da6d669d2bdebecb95a2e7ecf146069294830327e1250d8d4ecea007333390f,POS_MONTHS_BALANCE_MEAN,other,-6.378783,-3.938246
0ddf69f2cf9d67f1dd5687d613b6df93bef0b0376100fa5026446e8d5450e2f4,CC_AMT_DRAWINGS_ATM_CURRENT_MEAN,credit_card_utilization,2.3424358,-5.436575
0e2b05fcdd76fbbb8c8ee1f814621d026aba8bb9b5749c945aee5eb80e189923,BASEMENTAREA_MODE,application_amounts,0.6810922,5.1670322
0e3df13641cf7bb521d6ca5d0ffc2b69c8d785ad737edbd4b3b7c1d52131523c,CC_AMT_RECIVABLE_MEAN,credit_card_utilization,3.1484787,-4.3574038
0e5972744edc14a833604693ce61ec94bfda295a45f6910a16b3593358ab7185,CNT_FAM_MEMBERS,other,1.9745209,3.0696104
0f6788d2b2dd31ebcdbae72c264e2b1cdd9d5792c15b146be9117f7fc381b5de,CC_AMT_INST_MIN_REGULARITY_MEAN,credit_card_utilization,2.6687713,-4.3927703
10f9901bcbd3932ca272bced32828e3f92d6b6efa49de35a656ccd8aba466f0c,BURO_CREDIT_DAY_OVERDUE_SUM,bureau_debt,2.5464811,-0.1876217
11fbd5f5903abc6615739b93b46ee5150449c08224fec9d3eed898706424b817,FLAG_OWN_REALTY,other,18.034372,2.4948125
120c15e365e1dd3c1c3d2aff535f72faacd6954349551c5452c83a767d6ba9b7,INSTAL_AMT_INSTALMENT_MEAN,installment_repayment_behavior,-1.7491308,-2.8869598
121e79ca3d2d135655d2708e7329eab32434ebbdf7141753588141791a354ec2,BURO_DAYS_ENDDATE_FACT_SUM,bureau_credit_history,-6.5680737,-2.920139
1241e5ba275d03b1183b5f7aa73a5e9a427cf8e06647efd9912be347cf1db5b3,PREV_CNT_PAYMENT_SUM,previous_application_behavior,-2.369561,-2.0639753
1282abb8ffc9756d3090b7e988c7b6ef579d87ab1a999f557ae717ed8312312b,PREV_APPLICATION_DIFF_MEAN,previous_application_behavior,-5.1528053,-4.593068
132924a37487f03faa4fc5de4eeb4758b3a2e18146f3164e382e194a477e78c5,YEARS_BEGINEXPLUATATION_AVG,application_amounts,1.7131423,4.732633
1455db2e8c0babf08e52c0b8fcd3321fcad7f2f9b4b389c2c085e3ce3f2cdcc9,FLAG_DOCUMENT_7,other,19.228792,1.7341061
147e3a9a8087d60afdfd61a4a3bda38227f3ee1bcff3550ecca4a0a8615e6f9d,CC_AMT_DRAWINGS_ATM_CURRENT_VAR,credit_card_utilization,3.1324074,-5.322189
14f2f25495d35fc5fc76abf19a0fc1d9cda860c869d071eefd56c1ba5de45c51,YEARS_BEGINEXPLUATATION_MEDI,application_amounts,1.6813381,4.6798997
150e63fe3c583253796671701a65c6f502a58f1204fdc2f549bde6d35777619c,PREV_AMT_GOODS_PRICE_MAX,previous_application_behavior,-0.6397725,-2.390978
150fb88bcb70c94e10c583f08d4ca0262d15c9495d9488f16659b17a600cb562,BURO_BB_MONTHS_BALANCE_MIN_MIN,bureau_credit_history,-4.6818843,-0.3619441
15119bb30eaa0a163481e7c5438960635f7a83bfeb1c6a275b609884d48151e7,BURO_BB_MONTHS_BALANCE_VAR_MIN,bureau_credit_history,-4.6276817,-0.31398463
15d157406ea28e006ae25d13d46b001b5e507b86b1b74719ad8be85f43994dba,CC_AMT_BALANCE_MIN,credit_card_utilization,2.2569873,-4.6576953
1610cc3d82fd6e8dcf1b1dd139d2df5eda453d34417865956ab836e1093a8249,POS_SK_DPD_VAR,delinquency_behavior,2.5232606,0.35594723
17992d770e3a9703cabf6bb139619446632ca9fcd80ce86a960323ff8926798f,COMMONAREA_MODE,application_amounts,0.354239,4.941663
1841bc032adf0d9482715e033d82454a85f986408891b8e9b0a7f229526ad7df,FLOORSMAX_MODE,application_amounts,1.3730884,5.164404
187b7e607b73a62589d1ac10dce3465723cbee3aa38157b646b4276b74c370d4,CC_LIMIT_USE_SUM,credit_card_utilization,2.9110177,-3.1604853
18f80970734e8f60a8d3c580addab3c99d380ee00eb95658b79ff1cc5eee1580,BURO_CREDIT_DAY_OVERDUE_MAX,bureau_debt,2.4866817,-0.44853762
196192dabb6351818c770c8855dee4f306b4c6021b8bf08eb6b38fb869c853ff,BURO_BB_MONTHS_BALANCE_VAR_MEAN,bureau_credit_history,1.4769325,-2.4738266
1985a8a2a761788c412a5895d6aa111ac0f1688fdef6d1d4b8e0a58330ff742d,CC_CNT_DRAWINGS_ATM_CURRENT_VAR,credit_card_utilization,-2.83287,1.0404419
1a0a428efa4c0ed91dcb067b88a022d260def67e561966e316421542ecd1a397,CC_AMT_TOTAL_RECEIVABLE_MAX,credit_card_utilization,2.943278,-4.5245814
1a2f630838c34d7c7d40093a9d40cd231e1d17c0aa08efb5a0b0bb87e831b4d1,PREV_AMT_ANNUITY_MIN,previous_application_behavior,-0.53931767,-2.333252
1ab8aa79e9dd52c5a9bec893c4df45ff5f312ebb2137f42f003505f6b98e703a,CC_CNT_DRAWINGS_CURRENT_SUM,credit_card_utilization,-3.217066,0.9736793
1b7aae303e4a13e74dde4e0e8c737bdfb96b4cfa65f990af4428a3cdf0bf159f,CC_AMT_DRAWINGS_POS_CURRENT_MIN,credit_card_utilization,2.1651297,-5.2977967
1bc68a5155306555293193a913c95565dce6ac7d667ddddd8cfae56b859937d4,CC_AMT_DRAWINGS_POS_CURRENT_MEAN,credit_card_utilization,2.5994496,-5.400822
1bd8829b640549774b26ddfab89ec6166ae3493892e65c053c82e48533bdd6b0,PREV_PAYMENT_TERM_MIN,previous_application_behavior,-2.1654885,-3.556752
1be8a6df62b3c1702c6b2a730606d36e0ce33d0374379f3e7249ff64681d51a8,CNT_CHILDREN,other,1.984327,2.7485504
1be9518f716c5e41a300689681d9904add663a873274931ccb27fa73a9d19d0a,POS_MONTHS_BALANCE_VAR,other,-2.2280612,-3.4133072
1c7f1d778254fb7b1bc129cf21058e0e5de564f1c4d79d9eb1e67f68521aeb5d,PREV_RATE_DOWN_PAYMENT_SUM,previous_application_behavior,-2.8182065,-4.300708
1cb15a08bb5f29c6c5890ca21f65ed434cb724ceb8cff1903fd6673939f45f19,INSTAL_AMT_INSTALMENT_MAX,installment_repayment_behavior,-1.8152815,-2.9574187
1ec7dd49b62bd9bc85afebe07df35fb905e2b5fba7aedbbaf23c00d6da3b17e3,BURO_BB_MONTHS_BALANCE_SUM_MAX,bureau_credit_history,-4.7652497,-0.44847143
1ed35251e30760c00f8e6e6f99c3bc68d5e1ada7667b13c48c499238fc3dabe0,BURO_BB_MONTHS_BALANCE_SUM_MEAN,bureau_credit_history,-6.435298,-2.7060635
1f147f8253d0b4a96171b52ec7decb16227adb9c437b4e3bd40a49df7dd0aa27,CC_AMT_DRAWINGS_ATM_CURRENT_SUM,credit_card_utilization,2.4134557,-5.473224
20f65fa34e372a3a8579ba179403035f678709278b78bd258e7124e2b9270618,POS_TOTAL_INSTALMENT_PROG_MAX,other,-2.3449368,-2.5556874
2220e8a219035d814879e03216ab8b700dc37e4c63fb4620350bf6e1352e5f24,FLAG_OWN_CAR,other,18.024067,2.5022643
2298776d087b4bb3585610d2520a97095bde58c2d53243ed6a71178459668adf,INSTAL_PAYMENT_RATIO_MIN,installment_repayment_behavior,-2.4656425,-3.6255038
229af06b13adc19b057833b820254c90284e46f2622f7fe9b6a53f80db0e4038,PREV_DAYS_LAST_DUE_1ST_VERSION_MAX,previous_application_behavior,-2.847428,-2.0203228
231bdd447d79e49602bf0ad1c168de684672e9f41ca667089072a41206f0f68e,BURO_DAYS_CREDIT_ENDDATE_SUM,bureau_credit_history,2.1050475,-2.3518167
24917ef2ca54b6c353da13721f1f10ba9b3eb670b833b91d7b9bad4a20aec1f4,AMT_REQ_CREDIT_BUREAU_HOUR,application_amounts,2.2964559,2.5371094
2493642a4fc05f3f47745cb8a89fb0be58ddc58dda94282e62e914ac9571dad7,PREV_CNT_PAYMENT_VAR,previous_application_behavior,-2.143083,-1.7887278
24c074d38e370273cdbfc3340e34ab076442d21afb7d27dc38feb201a433458f,CC_AMT_DRAWINGS_OTHER_CURRENT_MEAN,credit_card_utilization,2.3462996,-5.353826
24ff34da18546c8234234698323f4375f34bff96fcbce48a33c7c3390ecfb538,PREV_INTEREST_ESTIMATE_MIN,previous_application_behavior,-2.412976,-4.196258
252931abf0267cffc814df023baf290a181ba1f6f38dfd005f1866068566c5ae,REG_REGION_NOT_LIVE_REGION,demographic_time_variables,18.844858,1.9841361
2582f47e8e6ef171163d022b66d13d20057598169be8c4f9c5807e48ff252fce,PREV_PAYMENT_TERM_VAR,previous_application_behavior,-1.3589271,-2.4690409
25c8744df2a9d6a3f7e2a6e020ac9f75cfbb3a639ae7dedd26797685705e7bc0,PREV_DAYS_FIRST_DUE_MEAN,previous_application_behavior,-6.2153926,-5.0694246
26db36305ef29486e0fdfb5e33c2d7b5a1498e300121bb701866bd63647f170e,CC_AMT_DRAWINGS_POS_CURRENT_VAR,credit_card_utilization,3.1824605,-5.279378
27515755af677850d57cc1d5d3b1a942b355672f6dbd052b33169664a740a54e,INSTAL_DAYS_ENTRY_PAYMENT_SUM,installment_repayment_behavior,-4.9811435,-4.4439144
288450ae013eaec161db28a5684bd2465cbb04916d7ad056abd7310e44f38d7c,BURO_AMT_CREDIT_SUM_OVERDUE_SUM,bureau_debt,2.689297,-0.55737436
2914a1ff4e2997af563062551b53ce8ff80a345846086d35b6797d680348078d,BURO_DEBT_CREDIT_DIFF_VAR,bureau_debt,2.0720458,-1.7064888
295288ca4d5c1403499bdd52197352eb71cbfe5990b7cc21f6fbd1972cabefed,CC_AMT_DRAWINGS_OTHER_CURRENT_VAR,credit_card_utilization,3.1221452,-5.3465962
29a863ba93df0d13f2d56b44a961bb01ee2c4298824f2dbcf28ab4fbf5239a9e,PREV_recent_decision_VAR,previous_application_behavior,-0.8024945,-3.1180775
29c7ed188abcb1ae45258af6049cec770fb0e331d8fdbf8684a915ac5b7f84ce,REG_CITY_NOT_WORK_CITY,demographic_time_variables,18.106724,2.4244003
2b10986b620f3ca72159c75ac11620922777f3e19f15ecb427d7dac28ef9332d,CC_AMT_PAYMENT_TOTAL_CURRENT_MEAN,credit_card_utilization,3.118414,-4.397937
2bcc2c79d2238de10316364f830ac2a4d311b65856924f8848e25f0dc5c906bb,POS_TOTAL_INSTALMENT_PROG_SUM,other,-2.609716,-3.4989502
2ccf9513ae42c4c6ec090778cbfbbaaf0cb4f64602bd67be7fdf5540af15137e,CC_AMT_BALANCE_VAR,credit_card_utilization,3.5843594,-4.7359595
2ceec45cf33ad911ac3b11f68983474b4c122fcbfe77bfbfbac3a99b9a72a914,POS_MONTHS_BALANCE_MAX,other,-6.1875753,-4.2151823
2d491b5dd23a52db4d27f23c71974100e32f3eb186cb58de7952f68f4c55cf37,AMT_REQ_CREDIT_BUREAU_YEAR,application_amounts,2.0473785,3.0011024
2d72e016dd181bedb49f3b9c4cbe6f903ac495b3700c46b8007f766ecf70b3ef,PREV_PAYMENT_TERM_MAX,previous_application_behavior,-1.3308519,-2.413535
2d991194cfc0806f9d6108b6a135de1890c8b3a38d667a71208db9e1a3caf66c,PREV_ASK_GRANT_RATIO_SUM,previous_application_behavior,-2.1789591,-4.0636315
2df97434662f0bdcef32b0346d9dff77579e918c43dddb83a42517e4dc505954,CC_AMT_RECEIVABLE_PRINCIPAL_SUM,credit_card_utilization,3.050307,-4.342549
2f38d625d412d5633e99ae88ede15eb4738ee26d325d32ef56b31040f138a41a,FLAG_DOCUMENT_13,other,19.133747,1.487472
2f4f5846d8a6c2908a01867888e26ac3f1d0342156522f8bd61ece2751bde165,PREV_DAYS_FIRST_DRAWING_MAX,previous_application_behavior,-3.1399903,1.6099955
30257a0e17255c7e09e184982ed6bd5e1a44e75700e8f75f6c15c4381b11f5cb,PREV_recent_decision_MEAN,previous_application_behavior,-5.4858255,-4.7533193
30f3a6b16d881b105c1660e905fe194edfd85b02cbb825f6abf508b31242d6d3,POS_SK_DPD_DEF_SUM,delinquency_behavior,2.4144306,0.5442051
314f987692ebd685671eef0d0f587ee7c66ee5718890b6fbfd2221e8d6471b64,PREV_INTEREST_ESTIMATE_SUM,previous_application_behavior,-2.4552944,-4.22817
3276a730f140cd9370b7684219fdc6eac507ddececa5eca8855fef607426f66d,PREV_HOUR_APPR_PROCESS_START_MAX,previous_application_behavior,2.0582738,3.9905035
32e5ae60515793906616090cad9e5fad71d15902c1b63feee36b789a8d77acff,PREV_INTEREST_ESTIMATE_MAX,previous_application_behavior,-2.4595726,-4.249181
32f738f3f07a20f1da68ae8d22b2e6f63a8ac816942598c10e9988f4cf04ee30,FLAG_DOCUMENT_3,other,18.2664,2.3143308
33402c64a7cfa6b8be154d7c9b2498a3c0ce4c0e332e9b5bd5d06fdb8048f6c3,PREV_AMT_CREDIT_SUM,previous_application_behavior,-0.39045873,-2.2284193
34cdee3970f888371fedfa10c9325ee538db51156ebe470358ff5516d157e50b,INSTAL_DAYS_DIFF_MEAN,installment_repayment_behavior,-4.7190175,-4.3973765
351f254d68480f9659db4ce8408f87ef7e0bc982ddcd3ecfcb9cfcc7ccdd297b,PREV_AMT_DOWN_PAYMENT_MEAN,previous_application_behavior,-1.494071,-2.206649
35d79bbdfdac7799644c407874921c68ec74d5d607bdd3cd9d9567d9ea4ec625,PREV_SELLERPLACE_AREA_SUM,previous_application_behavior,-0.30908546,-2.8499668
36689f0bdb6e6ae66bd593dacc2c6f8f387cd37bc9c9604f38223b56c4331e93,COMMONAREA_AVG,application_amounts,0.40013987,5.3091974
376d131097c8269b3e21e7629f27141d6c7259f46ea5b2b1d315c09bcb4c72ee,CC_AMT_RECIVABLE_VAR,credit_card_utilization,3.6442447,-4.775964
3784ca2a2d4dc5baaa3be1f38e5271fdd1b93efdb7c72d5ac18bc0a1274beef2,PREV_DAYS_FIRST_DUE_SUM,previous_application_behavior,-6.157523,-5.079461
38585f79bacd28c8464695a25aef75fab6ee50a8c371f6edd448f9a68902df7c,INSTAL_DAYS_INSTALMENT_MIN,installment_repayment_behavior,-6.1665654,-4.4753947
398698fcaae3f59a043f1f0f859ad628525dfa44f7e1c223ec16d7c83831cd83,INSTAL_IS_LATE_SUM,installment_repayment_behavior,2.1730552,0.92024297
3a2fbd55e4af68496ff844463be43a031535162bc4cd8157a287dc6fe7b077d6,CC_PAYMENT_DIV_MIN_MAX,credit_card_utilization,2.526084,-3.2595735
3aafbf8eb77b95644251fa0dc93310b67c06b3e03908f01e1bcc4bed8b43ae77,BURO_AMT_CREDIT_SUM_DEBT_VAR,bureau_debt,2.1035395,-1.5446775
3aba408a601abedfde587b2f7be01224803de2d5be12ca1d1305ce47eb4bdf24,INSTAL_PAYMENT_RATIO_SUM,installment_repayment_behavior,-1.7689863,-2.5914927
3bcf42bfc07b20b58a1a0ba49450fc5d6960cbae0e9a8d20a72d1a887dfb0e2e,POS_CNT_INSTALMENT_FUTURE_MEAN,other,-2.6093063,-3.3074176
3c154669cbb6ecf1bcae9d02a3c97a28ed96c11a59c1b52ebde4226ca2baeee6,FLAG_DOCUMENT_14,other,19.15943,1.6223543
3c8ae2cfe91fcb19b4b9cabf0fb9df67cf95425c3f9e0abf06093db53426620b,PREV_DAYS_LAST_DUE_MEAN,previous_application_behavior,-5.956268,-4.994089
3d183cb4c903148478055cf609b8507fd7d09163e9609fb19fdbfb8590a687ac,CC_AMT_RECIVABLE_SUM,credit_card_utilization,3.2844343,-4.4136267
3eb543865f2d4590723b83b6bf0012c364a76b08b45dcfba0c73837d3a46397b,POS_MONTHS_BALANCE_MIN,other,-6.4253783,-4.3186574
3ed4eb8970008540604ff3a69d63a846e137e20542841e25b77126397eeed338,BURO_BB_MONTHS_BALANCE_MEAN_MEAN,bureau_credit_history,-4.8304386,-0.5222985
404f42710ac87a0df317e39988063d4ab2e1b7b7494f812cb006630e9e4c212d,PREV_SELLERPLACE_AREA_MEAN,previous_application_behavior,-0.40468773,-2.7589767
41b7f9df29c3e1419aa7193a804018a162fea09fddfae443b4e56c769392aeee,BURO_BB_MONTHS_BALANCE_MAX_SUM,bureau_credit_history,-6.601322,-3.2243261
423a29b04be74bd9ba04b51d51e0edc73e29e8fe7fb9949e841e8c96f6f72a1c,BURO_DAYS_CREDIT_MAX,bureau_credit_history,-6.597344,-3.2885766
433a6a0f61a7804577faf3d6e0e40317c1a85f743f75f627cbe437b0c4a7bb21,BURO_BB_MONTHS_BALANCE_SUM_MIN,bureau_credit_history,-4.725346,-0.42010143
4374748266285f0144b1d8ebe5f88f9a244a20271789773b431ab058e0ae23c7,DAYS_LAST_PHONE_CHANGE,application_amounts,-6.5718427,-4.5443926
4399832032a327e5bffb6555e9110c8bbe714e296cfa9a8d29967d2f468279d3,AMT_GOODS_PRICE,previous_application_behavior,-1.4107733,-2.3215957
440c4a2185d9088a36fc290d5aec4c2a12b314de5d812b99eabc668269df6a80,PREV_RATE_DOWN_PAYMENT_VAR,previous_application_behavior,-2.7764647,-4.3036075
456136e249cef04d36ae379c908fd4a067dce4ba249402be6f2c0580327d6fe1,CC_LIMIT_USE_VAR,credit_card_utilization,2.7579987,-3.3770223
45ec568471eb8e36629b14ce41ea0ecdab5d5d3655c7d2626479fcbcadd61c1f,FLAG_MOBIL,other,18.816347,2.0208466
45efeb7d72e6bdf7468cef8080225d023dd578ce95fe70792f3e61892c8a6972,CC_AMT_DRAWINGS_POS_CURRENT_MAX,credit_card_utilization,2.5480626,-5.3725643
467c3b13f2bc028407e1ca98b95c836e9d233c6ca44f1bec218b2fc2d175d981,POS_CNT_INSTALMENT_VAR,other,-2.6029432,-3.2775056
47e1f0791ca2f6282120d1644f5dab1b2eef2ec8da76deae2bc74367bbf81c05,BURO_DEBT_RATIO_MIN,bureau_debt,2.8634815,-2.4900868
47f302fa156461b8642a94a5aa85ec5f3c3207e7d8ec57a355c5d228dfbade52,INSTAL_DAYS_DIFF_VAR,installment_repayment_behavior,-2.4252727,-3.0964458
4886aa8f4c57c72010c433a90fe3e08143787b2dcc08366384963f32db92a6cd,FLOORSMAX_AVG,application_amounts,1.4219357,5.304671
493859dcd729d41674bcacf3af4c61553bb2ac40b4e6ae9dfc9503acb791a938,INSTAL_DAYS_DIFF_MAX,installment_repayment_behavior,-2.180338,-2.1796646
499072f990337fdb5478ccc4c83f9a767d3446f831e9c90882e4a93586e5b391,CC_AMT_DRAWINGS_ATM_CURRENT_MAX,credit_card_utilization,2.3774464,-5.4989305
4a4f64f4769e4b151a1b31227c94cb9cd7f36df00d4cba0612c0b6bbaa424fb6,BURO_BB_MONTHS_BALANCE_VAR_VAR,bureau_credit_history,1.5293674,-2.3380768
4aadb72c5359a0df814b8d4f5df24d5e7f71cb2cf3197f31584d282488c25db2,FLAG_CONT_MOBILE,other,18.877052,1.9810635
4bcba68ad73ef0ed1c4f7ed5d7f4ae7508c862aaa36c8d00bd8cf27b1d59daa9,DAYS_ID_PUBLISH,application_amounts,-6.336632,-4.642176
4d4b5dc801786d54f8c538d6f433ad8be0a998d6ef3cf01fece62997118f242d,DAYS_BIRTH,application_amounts,-6.5372686,-4.4755325
4deb41832062be231dcc19ea3317aecafb49c3dfacba081e1a3ac423862be8c8,PREV_SELLERPLACE_AREA_VAR,previous_application_behavior,-0.3150298,-2.940204
4eae052a238cf631ae3d239d62cf4c096143f604b86e40d1a10c747700350e10,INSTAL_DAYS_ENTRY_PAYMENT_VAR,installment_repayment_behavior,-2.319487,-3.2220545
4eb845cd1862861eb16dd8a9d4495ecee873860200906045ec78f71da0378139,INSTAL_PAYMENT_RATIO_MAX,installment_repayment_behavior,-1.5798421,-2.586401
4f2f3019d7410129615c48e8e8b70388a30d5e03acb963ef88677c65efac0492,CC_AMT_DRAWINGS_CURRENT_VAR,credit_card_utilization,3.3632596,-5.196813
4f8ed211eb3ab71addd0ade66bc1c4834adf7aef65a895843dadf056079aa626,PREV_DAYS_TERMINATION_MIN,previous_application_behavior,-5.952628,-4.724274
4f94949b8dbffe895e27572a39e89201df18b5e5a78f86e17dee13a1be6d6587,FLAG_DOCUMENT_10,other,19.12657,1.7903429
5039d8e2756d0c5e03ed6d20ba31c2626433a8925556dd1d8ac73e3cdd7833e7,LIVINGAREA_MODE,application_amounts,0.99157673,5.245696
5087a890fbe1d0285e6121e424a4dc8a173f9ac9a7514a2397770a747f4f0e3f,BURO_AMT_CREDIT_MAX_OVERDUE_MAX,bureau_debt,2.7371595,-1.4530202
51164a54b3ee3439e1e36599ee18b73868225783c886eef11d0a3cbb70940e97,REG_REGION_NOT_WORK_REGION,demographic_time_variables,18.632393,2.1281621
517d6b799531e2021420d5ab2000247109832aac80144f3fc6a957644929add8,ENTRANCES_MODE,application_amounts,1.3561133,4.7775397
5215d3daebaa7d1d0bcf5044dd7a940f4ea21f0e9a755cdbf5a28a2587432a99,POS_LATE_PAYMENT_MEAN,delinquency_behavior,2.332961,0.75226045
53b3f4a6e049643f2466a36ce6cdcc81365488820ad64bd3d385b02c21b55118,BURO_CNT_CREDIT_PROLONG_MEAN,bureau_credit_history,2.4160042,2.0374062
53ed7666c9505b95266a64a280405b8427850988a9c5dbfe25565634cb6f4208,AMT_REQ_CREDIT_BUREAU_DAY,application_amounts,2.2858136,2.5437348
55433532a968290b2de62020621dd464a70bfcc4bf464ec50e7ea6d3c2cd452f,PREV_DAYS_LAST_DUE_1ST_VERSION_VAR,previous_application_behavior,-0.7547074,-3.2763429
5564717faa87ec23785ee83c55c4aa2ae99c40a69a6aa17c29af2f37957d0255,PREV_AMT_ANNUITY_SUM,previous_application_behavior,-0.27449584,-2.113907
571f08228cfb96626d17623fff2307217a6aad508e70cd76c6c68d8dcd7c05ab,LANDAREA_MODE,application_amounts,0.8602423,5.1425347
57b426be415da5a1c76e2e88f8d308424e2ac4f2b74e0c2ebe4c31b41ab0d909,NAME_INCOME_TYPE,income_capacity,1.0723711,7.0081596
5848cedac69d1b14410285c0b1e8907885768a180d197ac65c6ca9575a853865,FLAG_DOCUMENT_5,other,19.028471,1.883024
585882a11a11d9d3b38cd21180958971227083f4e0e34748cf6bc9d725778e0e,PREV_RATE_DOWN_PAYMENT_MEAN,previous_application_behavior,-2.7831528,-4.272863
58be4e3b325bc59443423e96d9253d9e507dcacfbfff34b2ef15134ae66904c6,BURO_DAYS_CREDIT_ENDDATE_MEAN,bureau_credit_history,2.2394722,-2.2818723
5914ff55f1fba3fc601a0d19948e84c50432aabb05eb421a2100587bd6b11b78,APARTMENTS_AVG,application_amounts,0.88177955,5.4961753
591998ea3791e106f77d0cee86b1559b979c3e8f17896494224301c5e8d7dff4,PREV_PAYMENT_TERM_MEAN,previous_application_behavior,-1.2839944,-2.340261
591eeb014e8c8b724bdadd97e8dc74252f5bde54955184a766afa1962e3b3418,CC_AMT_INST_MIN_REGULARITY_VAR,credit_card_utilization,3.3906975,-4.507813
598ec6bc6a1d1059c426ffe4149257bec1e1818e396e1ecea7b7fe0bcc455d38,CC_CNT_DRAWINGS_CURRENT_VAR,credit_card_utilization,-2.7338436,1.01285
5a218c7ca19990e22001b059aa1b87df28f5a4e6c4a7074d0858d7f2f14e1b9b,BURO_AMT_CREDIT_SUM_SUM,bureau_debt,2.2223446,-1.2259817
5ad5d661e8d253b95e3b30fcce0a48b40de824c4576edb84369e4816b239b072,FLOORSMIN_MODE,application_amounts,1.0500385,5.3277674
5b36ffb1e7e31f5fedae48a216e6b02bf25ab9fa46047b357082ea6e03ad6fbc,DEF_30_CNT_SOCIAL_CIRCLE,other,2.0243149,2.441942
5b42fa35f18241ca0a64c3a74029e4b74e8375fae06dec6d902d68905c775729,CC_AMT_BALANCE_SUM,credit_card_utilization,3.160341,-4.370419
5bab36a34bf9a5453d4fdd0c156efebb7ec9722fcc7c25e5c5934643b3803e09,AMT_ANNUITY,previous_application_behavior,-0.9779597,-2.6765888
5bbed59334ff962df4232b5a0c018814d02716962f5ddeb0b0b1f54242494b2d,PREV_AMT_ANNUITY_VAR,previous_application_behavior,-0.20860092,-2.2858434
5db29593df7e479fd14e406ec457aca65cfba9f0046b8991107d655255db9d33,BURO_DAYS_CREDIT_ENDDATE_MIN,bureau_credit_history,-6.800614,-3.3106184
5e1ed48ead462a4c2ba8af1ca7273af90c92effb5eee7307c8b5b547f2863f6c,POS_CNT_INSTALMENT_FUTURE_VAR,other,-2.7523046,-3.2039504
6019dc1f6311931e84bd46f7a8797b5c85a836b60a1d3bef597112623320b047,BURO_CREDIT_DAY_OVERDUE_MEAN,bureau_debt,2.561979,-0.15865175
603cb7700672417771071a7035bc3b97c437a3ef028eb65a0bb5741cfb17f7cb,AMT_REQ_CREDIT_BUREAU_QRT,application_amounts,2.2430944,2.5439
618ef84e1c846654a6227cf0f0aebd6c22837a96f923439064506be2ba510db8,BURO_AMT_CREDIT_SUM_LIMIT_VAR,bureau_debt,2.080549,-1.4986712
620051dfd3245f8847c17e4197e8f26e48ee0c2b75b32bd52f154cfdb7625413,FLAG_PHONE,other,18.09376,2.4337375
623e63682c3cf122ed7d3add7f5074926afe6866501f0a3a6a44cff385394274,PREV_APPLICATION_DIFF_MAX,previous_application_behavior,-0.81271726,-2.6778524
625318c5805214b863d24282fae3843a658e751a9a6d51e232f5a5f930cc9520,CC_AMT_DRAWINGS_CURRENT_SUM,credit_card_utilization,2.7491539,-5.3406453
62d7e7e0c79aee11128b5aad289bd8e58019fb7a898f61bf2aa9b6592fd436f4,CC_AMT_PAYMENT_CURRENT_MIN,credit_card_utilization,2.130065,-4.884632
65aff626131cc221771c5dcd6262a5c89edd4f87cccb9ba2c13358902e2020e9,LIVE_CITY_NOT_WORK_CITY,demographic_time_variables,18.0602,2.4562407
65b48ceabc6d082a46935c177aaa82e748228096b1a1f2fd166701c749dac47c,CC_CNT_INSTALMENT_MATURE_CUM_VAR,credit_card_utilization,-2.804562,0.9522333
65c42f630437c3c8a675e301002e484fb0d130e7ed1bd006ace017ffc1d58af5,CC_AMT_RECIVABLE_MAX,credit_card_utilization,2.8720505,-4.5442667
668c7b106be8b4c8bd5f4073371580a5c0912bf58068e1922f04593062cb1a42,BURO_CREDIT_DAY_OVERDUE_MIN,bureau_debt,2.560341,-0.21571293
668cb56380998de44cf18a77e74e052c3a8bf40847a558230a58dd19ca2e6af9,POS_MONTHS_BALANCE_SUM,other,-6.51375,-4.183642
66c97686a385f4f7e7f09552046f0047a57b49e4880056774e607b0d2f87567f,PREV_AMT_APPLICATION_MAX,previous_application_behavior,-0.8776216,-2.8587813
67674567f00ba8dcfd638874c1ab627782eb6343e4192d24ac1144ffbc8edb7a,FLAG_DOCUMENT_17,other,18.99617,1.3989741
676aac4c42386cec4f575c7990cef7487350663963f649b7f13532df41e2df1e,INSTAL_DAYS_ENTRY_PAYMENT_MAX,installment_repayment_behavior,-6.152323,-4.3899455
678e2555fb618c919f97c7ce88c93b6e88931ffc64c656da67026e579b9b04dc,BURO_DAYS_CREDIT_ENDDATE_VAR,bureau_credit_history,1.6813638,-2.2434194
67b61501bfcfd9d7afd06c92351b66f9dcce3c3a03ff1bcc86d0d928f5a2503f,ELEVATORS_MEDI,application_amounts,1.4138619,5.2539377
67e7912ac54cddea0635e8dd2188db593f7121caa69770550c7be662058e88e9,PREV_DAYS_FIRST_DUE_VAR,previous_application_behavior,-0.75115424,-3.2479982
683752d1d0705711f9f2aa7a651ab189e4e8a4d96eeb7819ad71835e82516d5b,PREV_INTEREST_ESTIMATE_VAR,previous_application_behavior,-2.4395008,-4.246755
69bf5c68de659317288a9eb4c1c53400a1b22af5d017db420782ef89bd920b11,BURO_BB_MONTHS_BALANCE_VAR_MAX,bureau_credit_history,-4.681543,-0.36456165
6a88c88fe79197d792638f92a62378471134c0914c4463412c93afe15f888b28,CC_MONTHS_BALANCE_MEAN,credit_card_utilization,-3.2889686,0.3911552
6a9bb4b41cdba7b87504b1de4edb8e0b091b6dabf3f33c4176a073358b3f4d0e,PREV_DAYS_LAST_DUE_1ST_VERSION_MIN,previous_application_behavior,-6.3809247,-4.8711553
6b3cb8fc7436b7280329c9534910e0f23070cc22e09ecbac3826b4e391e523c1,BURO_BB_MONTHS_BALANCE_MIN_MAX,bureau_credit_history,-4.665884,-0.33870423
6b7d5ffb6b3fc961ee4a60695770376324a80e1441051df7a8ceb38069b4d1b3,PREV_DAYS_TERMINATION_SUM,previous_application_behavior,-5.7529154,-4.782855
6be8799eb3d1f8baffd90339145d8ee21d1305b068e98f0e6e5857423ba45ed9,PREV_AMT_ANNUITY_MEAN,previous_application_behavior,-0.37283,-2.1476371
6d5661ba2a172c771cc7f2af571dcf78b4a0b464143d74a476fb8fb0fc1c5894,INSTAL_NUM_INSTALMENT_VERSION_VAR,installment_repayment_behavior,-2.6727269,-2.9786098
6f2c654c63f2ec63b6104e7e1b7fd60f145e4ac36f00c981e385447d291b02d4,INSTAL_PAYMENT_RATIO_MEAN,installment_repayment_behavior,-1.6156361,-2.621561
6f690dc5df8a7200509d321f459c1514b697d86c061841b585a30437173058dc,FLAG_DOCUMENT_21,other,19.209541,1.6485561
6fc8c11ae604fd3ced79bb92a0544cb1035685af8869e331cb9159664b9fad46,BASEMENTAREA_AVG,application_amounts,0.50090855,5.489785
70bb83e204d587df9e5b85f914ed3f75a66bf7244d544489cb49fa3d949e6e62,NAME_EDUCATION_TYPE,application_amounts,1.004695,7.070157
710e5fbeb1434a0ed4e95de6734a213c9d0dc4f49ce8529fe6f562aa89964f78,LIVINGAPARTMENTS_MODE,application_amounts,1.2384573,5.6006966
72a623cabfe1315942721f9b4ee622688705e4acf5d91b882546b10dd748e395,POS_TOTAL_INSTALMENT_PROG_VAR,other,-2.7241538,-3.431567
72ade2911107efbe59dd6e76cc7e1483e714c45a1c7cf6f3488b7c032f8b429c,LANDAREA_AVG,application_amounts,0.5788843,5.429975
72da79147782e41385df04fe69e886e818169563c5e31c9cd879ff0b24c83332,FLAG_DOCUMENT_20,other,19.224075,1.8083808
72fa4bae666da4d5f4c6b1ab319a75fe956a2250fb345aa10e437ce3495c18bc,PREV_DAYS_FIRST_DUE_MIN,previous_application_behavior,-6.3074045,-4.956884
733ea158425fb2bece8897383a3708c9f1dfb61ffe7e9765a955f373643e656e,CC_LIMIT_USE_MIN,credit_card_utilization,2.8095515,-2.9536047
73e6485dafc74ed5a07c72df55fb4ea3178b3eff22cbb779229d348972af0d07,YEARS_BUILD_MEDI,application_amounts,1.4685026,4.8517265
75fa9d391560f8d1383ca76feb93ef03334db8bd5394e69f30d3663e8c67f5be,PREV_DAYS_LAST_DUE_1ST_VERSION_SUM,previous_application_behavior,-6.244462,-5.073641
76bb18569336f3462b7cd50cfd956be12738b8f12bc0e6dd7311a9875888a6c2,CC_CNT_DRAWINGS_ATM_CURRENT_MIN,credit_card_utilization,-3.422479,1.2899083
76d3d7bdb40a9d3ae81306370eb9937bb0cf9d24f55d2b6b8c678cd7998c3b90,CC_CNT_DRAWINGS_POS_CURRENT_VAR,credit_card_utilization,-2.842446,1.0409844
78e67a96225a0c1456997c4ab9dce8383fcd6698c058bf2c8333fb24c5ae25f2,CC_AMT_PAYMENT_CURRENT_VAR,credit_card_utilization,3.5701687,-4.8692427
7980e776dd7c824e66edccc5160032e014cb2feb8fa5b53d72a0681276dedc9a,REGION_POPULATION_RELATIVE,application_amounts,1.9695587,3.3101778
7c194c9f4f248522c1e4fc995d30353a5134e44c1c831903c3ec0afe90e84258,BURO_AMT_CREDIT_SUM_OVERDUE_MEAN,bureau_debt,2.6606753,-0.34280062
7c61d875fbccebe1acf90d6ec2bcf23bd7191a77012932a713f13b95a4df30e0,PREV_DAYS_FIRST_DUE_MAX,previous_application_behavior,-6.294767,-4.74489
7d3dd84b62b77e803faa98eef46e0916ea05837c79590ab57a1b8c2615b0eb75,CC_AMT_PAYMENT_CURRENT_MEAN,credit_card_utilization,3.1178079,-4.3562756
7d4f45ad5881cae3de2f26476de34556a7eeb202d78ae55c0712625d21edee43,CC_CNT_DRAWINGS_POS_CURRENT_MEAN,credit_card_utilization,-3.3184988,1.1254286
7e756d10d8f8e224ec66f9a32d6b50b1549d801c2c57e106c4669c56521aa397,INSTAL_PAYMENT_DIFF_MEAN,installment_repayment_behavior,-4.7967496,-4.3557453
7ea7b221b117190da1dacd1129ef8af2b126db7f99a8ebd57db344672fce9700,OBS_30_CNT_SOCIAL_CIRCLE,other,2.0184376,2.615103
7eef16284aaeac60cc5eea6a94113999972cecb6def7814d75e608c204591381,PREV_AMT_GOODS_PRICE_SUM,previous_application_behavior,-0.052363317,-1.9360745
7fa8e9d5567b628b1b5e0dc27ba50cdd289b8044f92ef1eacd89e2f8ce461b23,BURO_BB_MONTHS_BALANCE_VAR_SUM,bureau_credit_history,1.9214672,-2.1426587
8016521e59ff44413b80d0cd1f579aaa903f90db637a7ce69ba6054ae59a44ef,NAME_FAMILY_STATUS,application_amounts,1.1231785,7.112691
80b8cbcfb1b86a0991b8a637defad2a6329500e347495fe23b675289a90e2a38,NONLIVINGAREA_MODE,application_amounts,0.31221834,4.942785
81df341c8f4879f1664b438e6576d7a4f0e8dfb01ce103dcefb60ae46331c79b,INSTAL_DAYS_ENTRY_PAYMENT_MEAN,installment_repayment_behavior,-4.80913,-4.429806
823ea14d30eb97fd82acddb10028074675ae4fd3113664e0a1bf83c842f36f56,NONLIVINGAPARTMENTS_MODE,application_amounts,0.39806008,5.004123
84611dccaecfdb5ea427844a8fa228810f8b41dbdea31843e71efbae9df5c386,POS_SK_DPD_MEAN,delinquency_behavior,2.4198637,0.57386005
84b53a34eb1865c3f3ccc593899349646308b77f5aae19ffbf8d0e4677b4c7e2,POS_CNT_INSTALMENT_FUTURE_MAX,other,-2.6445665,-1.9459472
84c96b4c2d6de8b62c7d82bc18bc6daba1f58e77731524911c10f558ae360f20,NONLIVINGAPARTMENTS_MEDI,application_amounts,0.2633473,5.1362157
85065be8318d02e1d8e7a92caa69361ab88d5027c405e40e7c13e1d25e091784,PREV_DAYS_DECISION_VAR,previous_application_behavior,-0.8037465,-3.2171907
85bfa3ef2efffad0b1a4ccc0e22f3b2cb482f086cd6f948f1eef7ebc32efcf31,APARTMENTS_MODE,application_amounts,1.0511276,5.437387
85f1485bdf7473da17714474e3317f77368895097bbc64cebe7a92797f3dccb3,BURO_BB_MONTHS_BALANCE_MEAN_MIN,bureau_credit_history,-4.67782,-0.36415765
8624bcc001d1ec763c04cd5db16d4ee05df0ef67663e24e2633b35e6979c69f5,BURO_AMT_CREDIT_SUM_DEBT_MEAN,bureau_debt,2.2693894,-1.1112616
866dcae0f95a3e56c62c7420ada5786a7a495f209c2cbb1c2132d7498a8ed20a,BURO_DEBT_RATIO_VAR,bureau_debt,2.1947312,-1.7307115
86c20796f33434f4e972a8caf5739541c5a690f0fa594ee6b9c4c493c6d5543c,NONLIVINGAREA_AVG,application_amounts,0.21530983,5.001769
87cbaf6e840c9ad79df8f7286210325fb138d40a7778179805327819e6cce337,CC_AMT_RECIVABLE_MIN,credit_card_utilization,2.300842,-4.596985
881bd9f258066ff0134c696a5d9a0b4f4a2e2415235a6de6275a99e190f293f5,PREV_recent_decision_SUM,previous_application_behavior,-5.5056834,-4.726604
882cb419ef886695802bdcc23de6f409aaa32d6d711c62941d544fb8f4c6e962,BURO_AMT_CREDIT_MAX_OVERDUE_MEAN,bureau_debt,2.7723198,-1.0311009
8844062fca44400104ed7910ed91a2b9ca6657238c4d924a59ede6f3cd1238b4,BASEMENTAREA_MEDI,application_amounts,0.44542864,5.4134693
88760662f46a6e7bf00ef305518659a00b6c3960406e754ea136f334ec8c1dd3,PREV_DAYS_LAST_DUE_1ST_VERSION_MEAN,previous_application_behavior,-6.2896786,-5.0436525
88d90fabe084e852ebf5ba1349ae301d688223110b472203fd2e5fa824252826,TOTALAREA_MODE,application_amounts,0.9345568,5.1526146
8bdfbf1e652cdec3b8d60957f4deea8e17639eb1b626fee6238e4fe26274304a,BURO_DAYS_ENDDATE_FACT_MEAN,bureau_credit_history,-6.620465,-2.9421837
8e2186312271b1bec3bd2eaae7b8c432f57427a43aaa9985ea3193be1f4ba9e9,CC_AMT_DRAWINGS_CURRENT_MAX,credit_card_utilization,2.601939,-5.422491
8e9bc668185d1504e24aea39611a189e1c6ec1a36981912cae2bed0babddd398,NONLIVINGAPARTMENTS_AVG,application_amounts,0.21611269,5.0921655
8f13d83f9e300e4f6445da464c1daf192be67d4d04e40674562460a72c833063,REGION_RATING_CLIENT,application_amounts,1.9348123,3.9412
8f9b06dade9d3e92fcafbac28a8199cf85c3966bb0795dd807dd264b044c6669,PREV_APPLICATION_DIFF_SUM,previous_application_behavior,-5.133723,-4.5766397
91a65766213c00d39f8aa9c7ed61ca5b39f7a7583b95e84b0785b7423cd79ff7,PREV_SELLERPLACE_AREA_MAX,previous_application_behavior,-0.35917604,-2.9197202
91a952bca8d06b264fd1ee3af1ac09051c3d1d8d26171b07532fdadfcd402e5e,FLAG_DOCUMENT_6,other,18.663696,2.1062725
91bc3039c61b90c29a364936afc1ce22d25841945e616a0c37f003d2dface7b0,ELEVATORS_AVG,application_amounts,1.4539901,5.3094196
91de2f8a6c8d2a9ae772a80e7df8d99873332d7edee47ebfcdf620bae6fc44a9,FLAG_DOCUMENT_4,other,19.282658,1.8369964
91e9a169fec399a3978572933fe9d5be53fa1d272a8364296bfd9983ce598f6a,AMT_CREDIT,previous_application_behavior,-0.98696333,-2.6223855
92057d1ef404b2dac6e4a910868a11a41d0de8eebafcccbb4a2975bdc085b52c,BURO_BB_MONTHS_BALANCE_MIN_MEAN,bureau_credit_history,-4.6800666,-0.36322078
92a21d2459eea9adb3dadd0eefd418c1ecfaf8d14bcb1a1b015974b0ba0eaf01,CC_DRAWING_RATIO_MEAN,credit_card_utilization,2.5874743,-3.3091094
934e37a0da53738f54e1e75be978ca0fa2261cb5a6f9b9ebb09ec434bcd89eaf,EXT_SOURCE_3,external_score,1.6177013,4.7040534
934f876af4777e8de568bb4eb4d9e326a3274876bb386902eb1c3c3d79778b21,INSTAL_PAYMENT_RATIO_VAR,installment_repayment_behavior,-2.0551858,-2.4627588
93a70bb4277f71bd907188d87f1f412625ada9815e08ea70e3e79629b70662af,PREV_recent_decision_MIN,previous_application_behavior,-5.9235606,-4.7785063
93c0bc4b40e3a9aff71f6c8ba506cbf922110948a48124d18fa36e0f062ec07d,BURO_DAYS_CREDIT_UPDATE_MIN,bureau_credit_history,-6.223774,-4.0927224
945caa9b056ce80be5b69e5d82c5ee14febd9ddc2983921697bae54d460a0b4e,BURO_DAYS_CREDIT_UPDATE_MAX,bureau_credit_history,-6.244141,-4.033614
946b3f5a715e6434920371653eca4252a511624dbfc44e82a04ac0b49847367b,OCCUPATION_TYPE,income_capacity,1.0633513,6.992618
9542051b41cac1ba6319e6b4b0387b2a526ea33cc9e8341c3138afbcf4aa5c77,AMT_INCOME_TOTAL,income_capacity,0.15965943,-1.8701124
9613af2bab1d21f91510537d1e14d337d1fcdc07d0152c8fbe18b42f954dd241,PREV_AMT_DOWN_PAYMENT_VAR,previous_application_behavior,-1.7017751,-2.120952
969f94af2d3bca2b122c044f6dd0f6bcb3a9c5789afa57f8c2d853690ffbe8a1,PREV_DAYS_DECISION_MIN,previous_application_behavior,-5.9378343,-4.802472
97b2d5670237e704d562f58d8d5f1f53d9dc558f268d1173afbabfb7f0f384ed,POS_SK_DPD_DEF_MEAN,delinquency_behavior,2.4112809,0.6158773
97bffb7d667243a8bca8806b956d44c0a23784f278cb300e19bc722dcf1538d2,BURO_DEBT_RATIO_SUM,bureau_debt,2.6314917,-1.5084943
97c7598bc7303d1401b4eb83cf16cd51072af48734528c5d2d138a41005ffd13,CC_MONTHS_BALANCE_VAR,credit_card_utilization,-3.1448872,0.51131487
98d24b36ee36f6813e38eb7001ac95b0d993eabc3d6e2f3fc1a6013434ccdf12,CC_CNT_DRAWINGS_ATM_CURRENT_MAX,credit_card_utilization,-3.3126795,1.3136536
991451e6306543c95ed2a64bbd375b1f20ac98aef51159b136f4311fb8d7e713,CC_AMT_RECEIVABLE_PRINCIPAL_MEAN,credit_card_utilization,2.9077163,-4.35386
9950ec959c160223bca8731e561302abe2237dc16eb13b74ae61f98a943697ea,PREV_AMT_CREDIT_MAX,previous_application_behavior,-0.853018,-2.752192
9994f4c41e0e2d5d546b4fda57c406f1a95b8822120a00a73855d8a5cc7c21aa,LIVINGAPARTMENTS_MEDI,application_amounts,0.9336472,5.489888
99ec31055d2aff1eed068cbefdde4d490e2cc2054e5d2a5b3e58c69b1fc7b70e,POS_SK_DPD_DEF_VAR,delinquency_behavior,2.4655488,0.44937423
9be3e0d4da1ffc6d8f39108a4fb2f57ffc9ab488c4c7990ef3a998c6465845d0,EXT_SOURCE_1,external_score,-2.6296117,-4.0079975
9c3af9f5ec57cce7fab1d096d5d061b7a78511c46fe40f4c42becbec3444b01a,PREV_AMT_DOWN_PAYMENT_MAX,previous_application_behavior,-1.5575694,-2.1769397
9c439ec03c90cb5005b838c19e11f1c957dadc635d266a7e99bfb6b8a346e068,CC_MONTHS_BALANCE_SUM,credit_card_utilization,-3.3853555,0.24068275
9d4473ae62da3fa61e08d57874b03797e677a75745793d2036ade1d29f68e2da,PREV_AMT_APPLICATION_SUM,previous_application_behavior,-0.39285186,-2.1691618
9eb4641e2af48a45d120ebb2abc572c10cf5162f0ea36654f918333281dcad85,INSTAL_AMT_PAYMENT_SUM,installment_repayment_behavior,-1.7294184,-2.8512082
9eee3df1078877963dd951fd8a7a3bc313d2a2eed069f2b2f0a284a8437d0940,BURO_DEBT_CREDIT_DIFF_SUM,bureau_debt,2.3333197,-1.2292452
9f855693ec8798aa853647345efd462aa0fa882d447fe7a5d81e2334ab230c47,INSTAL_IS_UNDERPAID_SUM,installment_repayment_behavior,2.235231,0.87351686
a031e1048d09435493d05d79f39989b28fed15c537875ca62e75c7101274e447,WALLSMATERIAL_MODE,application_amounts,1.0134844,6.876469
a03909f1fbd681703596c63ce9b2ce0496b8619252c1220f11a0fea4573fc9ad,PREV_DAYS_LAST_DUE_VAR,previous_application_behavior,-0.71916044,-3.3179169
a12ad5a7e059ddac41bbe341a854786976bae1de5eb2b82b8a448da368f4d809,PREV_DAYS_TERMINATION_MAX,previous_application_behavior,-6.0523005,-4.6484985
a16eb016bdda6a1c5a3eea3d1189489d0f71a92cc0d3de39083d284ce7537ce8,INSTAL_PAYMENT_DIFF_MAX,installment_repayment_behavior,-1.7811062,-2.623096
a18e2ec8e51871f153e3f5606d1cbd7e57fa5c93a6781665b00df41a030051c6,FLOORSMIN_MEDI,application_amounts,0.82548416,5.4382668
a30f1a889a3f893e90e994f4b4979839f5bc0d63beea0a13337161a23a75104e,BURO_DEBT_RATIO_MAX,bureau_debt,2.688675,-1.6891863
a376a972c83faa3b490bc0670117a2de728b5b0e39c6b1490f09c0634ec13763,PREV_DAYS_FIRST_DRAWING_MEAN,previous_application_behavior,-3.1773636,1.5661523
a457c7453b73ad8d09c8d727f0117b98deb435bcbc9608a5e1d70b9a5099febf,OBS_60_CNT_SOCIAL_CIRCLE,other,2.0031328,2.6683013
a4bec1ea605ff05b8b1eaf23f46f0d49a4703ad9ef554ba5525a9e9acdef20da,AMT_REQ_CREDIT_BUREAU_MON,application_amounts,2.2968657,2.5888615
a55b8a3f64aa4c17ff3466baee89bae2f8da3bfdc84c67bd9368ce240b816fac,PREV_ASK_GRANT_RATIO_MIN,previous_application_behavior,-2.1512098,-3.9067552
a57580a8223abb7b5ba5b1d6c124ccf5e1c9956e33d95e5160b3974cc777d479,BURO_CNT_CREDIT_PROLONG_MAX,bureau_credit_history,2.3796592,2.0891051
a57777caa3f5906cfdb1afc7830f47ebd843f48e76da1785a842e7e5fd514337,PREV_DAYS_DECISION_SUM,previous_application_behavior,-5.5930476,-4.8167996
a647e9a1457e3671d84dd4a1a2ee5c2c89e0a8e2ed8e5663e818f2321dbdf5b2,BURO_CREDIT_DURATION_VAR,bureau_credit_history,1.9584599,-2.1391108
a69c2ab4501d19f053e8206a75c44ee3b8a5453d7e09fff00c491a393d9bd7b9,CC_AMT_DRAWINGS_CURRENT_MEAN,credit_card_utilization,2.7332408,-5.190868
a6bc9f02dd241f8d1c77eb358ac5b65e0f288f6d8cdfacdd39fd9a3bfacfd3d0,BURO_DAYS_CREDIT_ENDDATE_MAX,bureau_credit_history,2.2677298,-3.009534
a6cab2f7b26a26f572033a9039b1eff0ef9bc807c86c90b0c30f22b7ff3927fa,CC_CNT_DRAWINGS_ATM_CURRENT_SUM,credit_card_utilization,-3.3796756,1.2606727
a8d647180eedeb2ca1c9967e104fe5816d3080a10e994fe45d0e2afc1d9bdd30,LIVINGAREA_AVG,application_amounts,0.81996113,5.4832635
a90405e3922126bb606fdea546ee480a8f06936f5778e06703bdd17aba8ead56,POS_CNT_INSTALMENT_MIN,other,-2.6373594,-1.9163439
a97b2354213aab32024b9c6dc47296d763ee86ce73994fa6123a6975fa554165,POS_SK_DPD_DEF_MAX,delinquency_behavior,2.4047768,0.629074
aa4d61dbfa9fe9d9cca2ea01ec42517718e216f73f6768c84509917fe063a8b5,CC_AMT_RECEIVABLE_PRINCIPAL_MAX,credit_card_utilization,2.7498,-4.721917
aa5145611a4e8d41ebf1d8d3b4a07f827d94daa510636c96b6d14697bbd0edfa,BURO_CNT_CREDIT_PROLONG_VAR,bureau_credit_history,2.371369,2.2012465
aa9c0221c729339f96ecadfeaa3f5b045c0db367f8cf2d011593533ab29045f5,BURO_DEBT_CREDIT_DIFF_MAX,bureau_debt,2.58944,-1.5732082
ab5405070623e3193dd3f7dafa134b8a97e4c823911478ad97d458f8bc1562e9,CC_CNT_DRAWINGS_CURRENT_MEAN,credit_card_utilization,-3.2134428,0.9405783
abf079d8bc9ba32b36b92e30f44baebf75694570a27db6b3109e9a7579b5e1ce,CC_AMT_TOTAL_RECEIVABLE_MEAN,credit_card_utilization,3.191733,-4.301384
ac8a77b94b8905e7cf4f80b2e468c25e3b2a7078e8db641731c6f6dda7a306c7,PREV_AMT_CREDIT_MEAN,previous_application_behavior,-0.5650649,-2.2385473
acdcb4c1d5472be08083a6799f6a46b6257a9351a83fe09a542a5d9e999fb482,FLAG_DOCUMENT_11,other,19.151892,1.7489203
ae3d245ad7f2b2f1555053ebf05291f101054008acdd55f589493411c33d4b0d,CC_LIMIT_USE_MEAN,credit_card_utilization,2.816891,-3.094529
ae7317de86009c604dbb2dceee9300889f9beed1c3736259f1011e8b350a2df3,CC_AMT_BALANCE_MEAN,credit_card_utilization,2.9751112,-4.269225
ae908bece934a8a9ca6d4ab62f3777914b9ade44579458b3be99c290174d4665,BURO_AMT_CREDIT_SUM_MAX,bureau_debt,2.5375388,-1.4595543
af1817ca1fa892786c93bd366e99df084e9c5006ed27a36dfe7c9f20bb65261b,FONDKAPREMONT_MODE,application_amounts,1.1654096,5.740538
af9c1de870ee7abb125489153e1a893d18f5416ec9e915eccfe458348ad11b77,EMERGENCYSTATE_MODE,application_amounts,1.1552243,5.5904846
b0fae2933dc1e51ffe8669a67fd9b28924767f7adc35750659f6f07d53145e7d,POS_CNT_INSTALMENT_MAX,other,-2.7124264,-1.8820679
b1acd7d14953869deab28029cc9f9f1003edd39d69142011ae74f01f8a745695,INSTAL_NUM_INSTALMENT_VERSION_MEAN,installment_repayment_behavior,-2.538627,-2.5316575
b200ea46d20497e4950eb97fb82532c7e441d9d561f970f30bbf1a808e3ea5eb,INSTAL_PAYMENT_DIFF_VAR,installment_repayment_behavior,-2.0797813,-2.4385169
b2180bb4f0cbe8afbf6e80b7eb3b6a602002915f35085a954ba97ff05cb723c8,LIVINGAPARTMENTS_AVG,application_amounts,1.076748,5.513962
b31842ef6e64241f6158a16c2abe1c5c9ec2b657ab6450be3cf6bbff88af4d33,CC_AMT_DRAWINGS_ATM_CURRENT_MIN,credit_card_utilization,2.1023724,-5.2683277
b325a080d43e1a163531b798af61ea9fd700bf519e0951db802c0c1258fdf7c1,PREV_ASK_GRANT_RATIO_MEAN,previous_application_behavior,-2.2104633,-3.9939163
b32d3c9232dccb3c30f7ce38d82e3c999933d34bcfbb48364015897a1fc9e418,REGION_RATING_CLIENT_W_CITY,application_amounts,1.8767934,4.1008162
b3a0b70b6fe5eff4afb29fd09f141354a4ceaaf9896f2294c6c84bca9bc76bc7,BURO_BB_MONTHS_BALANCE_MEAN_MAX,bureau_credit_history,-4.6534977,-0.3380614
b3c87e62fc6b60f44b407e97dd4648a2b809cbf36cdc51fece284cf21ffa0ac8,INSTAL_AMT_INSTALMENT_VAR,installment_repayment_behavior,-2.1657817,-2.7832618
b3ee01ab7e6774718080c459f577999a042dae4569f7dbd8f4c5816e2712fd55,CC_AMT_TOTAL_RECEIVABLE_SUM,credit_card_utilization,3.2723758,-4.2760577
b3f37941fa3756a517501bbfb51a360949a918d738a55c0a3d5a260d59768b59,BURO_AMT_CREDIT_SUM_LIMIT_SUM,bureau_debt,2.6537776,-1.0186381
b4238372130ad034973648cc62971f2f202062dc70cad60fd41149d024053f65,BURO_DAYS_ENDDATE_FACT_MIN,bureau_credit_history,-6.7465363,-3.3122156
b44d2ef23098e13c6b6dc57e20c7dd797bfd9e3180cf53c0e641d220d27b4f34,COMMONAREA_MEDI,application_amounts,0.2755225,5.1475296
b4e2697bbf56db7e517c8da2dfcb2d195cd4c3a4f15e8fd6d673f41d3456f027,PREV_CNT_PAYMENT_MAX,previous_application_behavior,-2.68709,-1.8814882
b53baab77a2931a1b49a34376f6ede1a28b2a27972ca3612e1a6ebe7fc1fa345,DAYS_EMPLOYED,income_capacity,-6.588707,-4.8018746
b5e236d9cbdb601a61f954a890c32fb6c4984ac2374ad884bfa20ba195b23677,BURO_CREDIT_DURATION_MEAN,bureau_credit_history,2.3392103,-2.1125727
b6569fa1efd4d8e108bc41e3cfedf43450552ff849543e833986449a13f8a539,FLAG_DOCUMENT_9,other,19.115814,1.918531
b677b26fa28372fb494eb4d237695f76fb6f72b7ee28f607e5eeaee7e227ec3d,OWN_CAR_AGE,application_amounts,0.049204085,4.592964
b67dbf6d0a9c8db3f519269b25dcde29e5e8ced66fd8a51be6f6e5fae4fd5c29,PREV_AMT_DOWN_PAYMENT_MIN,previous_application_behavior,-1.4343673,-2.2164495
b852c3d41d9779163a28cb4423c217bd2042727f92325008bfccdac5a8e74449,CC_AMT_TOTAL_RECEIVABLE_VAR,credit_card_utilization,3.6468983,-4.781712
b87b5c4fb608333266c06e56a2c1962ef8b4740b2d573ccf3d021eafd42777a5,EXT_SOURCE_2,external_score,-2.5206192,-3.9545763
b8c9a82fdc451b3d30c6575a579fdf349ce05a5bdf733a8545e973baedcdf48d,CC_CNT_DRAWINGS_OTHER_CURRENT_VAR,credit_card_utilization,-2.8850708,1.0681547
b8d219b1b25931e0c3e5631f04551552ab208d282d3ed349a8c97e787a848cee,PREV_DAYS_LAST_DUE_MAX,previous_application_behavior,-6.2863684,-4.710984
b964134a464025f8577df372e10fa57a97c560036aa89a9ec750dcea66f90153,CC_CNT_INSTALMENT_MATURE_CUM_MEAN,credit_card_utilization,-3.1050358,0.6207334
bac25db85ff7e217109452134b028d51ba96427e7e2bfb8f8b13850351075556,LANDAREA_MEDI,application_amounts,0.433991,5.319028
bad713734d7aa1399babd2e85a85c2c1195e4cd203e8785537e387d177c4cedd,PREV_DAYS_LAST_DUE_SUM,previous_application_behavior,-6.1395254,-5.0261083
bba87833bb791aad16fdda7cc9233190a07bbae87145979c9f692b7b61cc3377,NAME_HOUSING_TYPE,other,1.0837154,7.0661635
bd42b3dabbbf187626c6ffd03e17ba73dc15164b044eced8f345ae2154b93599,BURO_AMT_CREDIT_SUM_OVERDUE_VAR,bureau_debt,2.079183,-1.5909133
bd4eba75d3171e305632baf94fa0d4c263e9f76e24e5697a855c7d591faf3acb,BURO_DAYS_ENDDATE_FACT_MAX,bureau_credit_history,-6.677671,-3.2697148
bebd7861a3f511d2c53daf10f6df8bd07ba1aee5b3ddffe73e4ea413a69397da,CC_AMT_DRAWINGS_OTHER_CURRENT_MAX,credit_card_utilization,2.443715,-5.5078454
c0a7c63247fa53121fc01ff03990fdeedbc8cc5fae360ae278956a3e951db523,DAYS_REGISTRATION,application_amounts,-6.5994167,-4.5196214
c10a4a76e0a400c93f5f89a02a273a3579f097a536a38e601e0ef17f0e0a4f01,ELEVATORS_MODE,application_amounts,1.4431922,5.1455216
c1c65b2eb8c65039869d1bdca95a2d1c0205e9d8045fce4c50e7f9cdbc9b5bdc,CC_DRAWING_RATIO_SUM,credit_card_utilization,2.6639507,-3.293098
c2e00a54f64480c8244bdcc0456be788d598f2e5f968428173986c0f7931fd34,BURO_CREDIT_DAY_OVERDUE_VAR,bureau_debt,1.9442763,-1.7387714
c3b21cc5c961bf17ac34ba7802c31859f6575acff2dad528259f80ebf3eda640,INSTAL_AMT_PAYMENT_VAR,installment_repayment_behavior,-2.143704,-2.7519724
c40183c920485885276b17d2115fe6dc6293a549f6133920c67a759bc7b85302,INSTAL_DAYS_INSTALMENT_VAR,installment_repayment_behavior,-2.3546777,-3.0788062
c547b0901abe67a99c334dbeeb8565b5977b14033b965daa253181b3071c074e,BURO_DAYS_CREDIT_MIN,bureau_credit_history,-6.7711368,-3.4908524
c5cf7b6f37541db02a04ee5d400ed7725c1cf78a7c28367c2c3277702964e645,BURO_DEBT_RATIO_MEAN,bureau_debt,2.6620727,-1.6121017
c76ff913088c83755e357ce196b1219c1e5d440bf56ba6c13a62176c0096d676,BURO_AMT_CREDIT_SUM_OVERDUE_MIN,bureau_debt,2.5902388,-0.23435283
c883be7f88a0dc9bd413e928848dbf1dbb419b702542540687418e5dca1ea4c7,PREV_AMT_APPLICATION_MEAN,previous_application_behavior,-0.5671421,-2.2808974
c888df04572a168ba8ce5c38530296d3899c6be90f5fb758e2f7946841a6a596,FLOORSMIN_AVG,application_amounts,1.1872624,5.524824
c913d2fb6594342e7476463080bcedceb1197b4789af00c9cf4fc00765531d12,BURO_AMT_CREDIT_SUM_LIMIT_MEAN,bureau_debt,2.624911,-0.8155099
c939867be13e81ef3fc4b8dc42daa135772132f0b3470a3ea4b28c43b6233e89,CC_CNT_DRAWINGS_POS_CURRENT_MAX,credit_card_utilization,-3.2989402,1.3096584
c93b899164f0631645bb91b81cb5dfe70bb6845fbc5a0be64604547336028968,BURO_AMT_CREDIT_SUM_OVERDUE_MAX,bureau_debt,2.7161546,-0.72520566
c9de39c8107da20b883a10bb999db5bd7a612bd0079ed15f9c04697b274c387a,BURO_DEBT_CREDIT_DIFF_MIN,bureau_debt,2.5192804,-2.7560449
cad75f801c26759f96718b20fc4ddfdb13b5f30ccf4658605f8cc9c6b98c7de9,FLAG_DOCUMENT_19,other,18.932081,1.4024751
cb352dbb2fdca38353e1d84a70e9a932350f1e5775655e496202a67936af1718,CC_AMT_BALANCE_MAX,credit_card_utilization,2.7887053,-4.592789
cbf518622dee2a21d55fc0d6bbbb5a7b433459002f7d45ceeed02c2caaac8843,CC_PAYMENT_DIV_MIN_VAR,credit_card_utilization,2.7175448,-3.5135028
cc19d18860f7cabe97701a2d9ea458d10050ee17b33f029027001d7fdd64f8c3,CC_CNT_DRAWINGS_OTHER_CURRENT_MAX,credit_card_utilization,-3.1980653,1.1596428
cc835f70eaa2b851de8b0116df706cd0f5959672d2dd387f6979bd4ed3209c30,FLAG_EMAIL,other,18.604895,2.1341152
d15af251a0aaaef10fd611d48b8658653cb2c89a2d35a5a3596d75828d170745,BURO_CNT_CREDIT_PROLONG_SUM,bureau_credit_history,2.3540561,2.1321726
d1a84af261ab7a901d0cc54b59ff096c13dbe47958632e738ca2520ee57f5799,PREV_HOUR_APPR_PROCESS_START_MEAN,previous_application_behavior,2.0205944,4.0447516
d2823b4af0e1e3579c3470bc95cc7d690fd0f41b17b4298b0a73ef29f7a8fc9c,PREV_DAYS_FIRST_DRAWING_MIN,previous_application_behavior,-3.1761284,1.5929935
d292eed3b36289117225c0e92f42ef264895eef6def29e5dc999a9767a9c2d74,INSTAL_DAYS_DIFF_SUM,installment_repayment_behavior,-4.6946263,-4.2718654
d2b44f564944cec46e24b7ce6993467741fc627b557805ace3679062a8eda402,CC_CNT_DRAWINGS_ATM_CURRENT_MEAN,credit_card_utilization,-3.3702455,1.3628247
d2d3d6e76f5001c6b68eaadce1d3389a55464d685761147b032c70323c761a8d,CC_AMT_PAYMENT_CURRENT_MAX,credit_card_utilization,2.6856225,-5.1064515
d2f8d697293f3da93053a135be493e0cb9b7a740b6bc6ddc3e4d9d39f277c150,BURO_AMT_CREDIT_SUM_DEBT_MIN,bureau_debt,2.7856913,-0.88656646
d4dc2c2e8c8808d66287a3675f579eb37f5964838767b5ab5fe4d8307f04cdd7,BURO_AMT_CREDIT_SUM_DEBT_SUM,bureau_debt,2.2647047,-1.1823161
d531263f3a62a1d7d4a3a8748d2fd287ea91da8d884facab642c8e1e2b99f6a8,INSTAL_AMT_PAYMENT_MAX,installment_repayment_behavior,-1.8278607,-2.9816356
d53d5c724ddfd1caea5173c8abbbe6b0915c885b30b2802a887c241e29827af6,BURO_CNT_CREDIT_PROLONG_MIN,bureau_credit_history,2.3841116,2.103007
d7359909373bcdc2f7b81491696b643e6bdaa550c257acc0d08e96ab452d8d12,BURO_AMT_CREDIT_SUM_MIN,bureau_debt,2.7106063,-0.9785648
d751a7f46435522c82f64f2c68f57fc040ce8f78016290c3ac18bb8a5089bbd1,ORGANIZATION_TYPE,application_amounts,1.0305518,7.0754
d80a775ed912e5614e13fe625c66aafa93dd7a84bdbc16e4f1e8604751892f09,BURO_DAYS_CREDIT_VAR,bureau_credit_history,1.6203544,-2.2751155
d827c06e60fd1673dae8a72056c8dbd25ae45e7447c3a1ab7e8197b0dc2de2d6,APARTMENTS_MEDI,application_amounts,0.6970642,5.516136
d8b5b86e19246b58517f5f4629fe770c2f59d45ebf454570b09f29744e4b35a3,PREV_CNT_PAYMENT_MEAN,previous_application_behavior,-2.6144197,-1.938188
d9b735644daaedf06d40fb443ca9b78768eb2d01fb63cc4219a205dbe0c975c9,AMT_REQ_CREDIT_BUREAU_WEEK,application_amounts,2.2243586,2.6111476
da0ae15e8e8cd86fea9fe56a78ea2fd7dd267aed0698dad6220bf71f716b7c85,FLAG_DOCUMENT_2,other,19.235586,1.8402754
da674b14792bc01d374ee21bbc45a9abfcb7dcbca4a01f78b03b7edbf1fd6749,FLOORSMAX_MEDI,application_amounts,1.1642033,5.318653
da93745470aa0cc1a12c65a4e585f842ad49c62851737fbc5a5b41959e837d5d,BURO_BB_MONTHS_BALANCE_MEAN_SUM,bureau_credit_history,-6.596628,-3.051618
db661556f235adea494a319096c360ad7c1e4b3484c0b1ab28ba9e2420c47a27,BURO_AMT_ANNUITY_SUM,bureau_debt,2.5616477,-0.76867056
dbd08a914020a36dbab9cb5999aae94470eda80fbe3722ed652b2fb12559556b,NONLIVINGAREA_MEDI,application_amounts,0.22692582,5.041923
dc0db3b65de2227bd602ecc66dc6b303f9d9a02b057fbe4f2a07d2572acebe13,PREV_AMT_ANNUITY_MAX,previous_application_behavior,-0.6280131,-2.4013755
dc16bece521b68e527c813b73fadabe059fb902059f56262088d15f0cb34651e,INSTAL_PAYMENT_DIFF_SUM,installment_repayment_behavior,-4.7725186,-4.378704
dc82220a0c3c00151189c8d3d439783209ac4be397504918aef4098f31943c98,INSTAL_DAYS_ENTRY_PAYMENT_MIN,installment_repayment_behavior,-6.191355,-4.530217
dd4f26710602ab6b7c616d0ba8321e42e33ea5237dfa6862842576eda4d8bea6,BURO_BB_MONTHS_BALANCE_SUM_SUM,bureau_credit_history,-6.6239457,-2.9799929
dd922f0e6c57f716e28dfac130dd80ab72bd22c38aee9d1629ab9f87237b55c2,INSTAL_AMT_INSTALMENT_MIN,installment_repayment_behavior,-1.661024,-2.87084
dd955283b0bf758be135679f9e573b29c34a2d9354f606317c13afb416be3cb8,INSTAL_AMT_PAYMENT_MIN,installment_repayment_behavior,-1.6057231,-2.7077427
dde2acb304c445c30c84e30b23ae15f0ce3f059e61310c83e8d4ea5d73ef9f84,YEARS_BEGINEXPLUATATION_MODE,application_amounts,1.7632527,4.606385
de43e5081915958c11a32c5ddd6529a81bcbdaaef720a2b5317abe3431fe0669,NAME_CONTRACT_TYPE,previous_application_behavior,18.114548,2.4199061
de6a907bd593196b52a71f3b72cd65c1f83d3b97bbb9a20a55e99f06696cd3a5,CC_CNT_INSTALMENT_MATURE_CUM_SUM,credit_card_utilization,-3.0516372,0.63193285
de921ba18777074c23cab28c31f0d3182393f89e630d39a0b6506b0ddb3355b3,POS_CNT_INSTALMENT_MEAN,other,-2.4820259,-3.3992534
df68c1647fd0d03f0fec728ee5af0b45fa523f15a6d5f9723c2820dd9a88feac,NAME_TYPE_SUITE,other,1.1123382,7.1191792
dfdc33ded518aa44ebf443ff33d167963f1594b93bd6cece4dfcc9d326cf6341,INSTAL_DAYS_INSTALMENT_MEAN,installment_repayment_behavior,-4.8223653,-4.325788
e0936368b62963cf05bdba64fc90ea70f0ec96fc9a7c78cf203aa072980a9885,BURO_DAYS_CREDIT_UPDATE_VAR,bureau_credit_history,1.6397415,-2.2388391
e139c95a795a82cf110004fa962a799b3674c757fd95e364c0a5240b6d2d26f0,LIVE_REGION_NOT_WORK_REGION,demographic_time_variables,18.587639,2.1513202
e204e4bea31e79b35397276285ddb699c5dd21868575cc59e10689bce557495f,PREV_DAYS_LAST_DUE_MIN,previous_application_behavior,-6.2201357,-4.8893337
e2384abe8c1e1fdbf1b69cbac39d51f2ffdb681440ec20e314e71b53cd46e3c6,BURO_DAYS_CREDIT_MEAN,bureau_credit_history,-6.663986,-3.0098062
e353c352b6307693aee62e0e7d2564000ee6151a10ab0eaae89e23b54f69f2bd,YEARS_BUILD_MODE,application_amounts,1.5831821,4.6927056
e38f267edb483e0ef6a4c7bbb93b634152504224a64d2e577a39380992f54e9e,CC_CNT_INSTALMENT_MATURE_CUM_MAX,credit_card_utilization,-3.1118205,0.70290434
e4f233143b24374de2fa08e31daa22d5653f6e5c59cef2ee99de3ec883249049,LIVINGAREA_MEDI,application_amounts,0.5992843,5.375819
e54655c9aeacd35f960bb8b768f3a5f996bd64f2c7dd9938ea8697fd37fc1f71,CC_LIMIT_USE_MAX,credit_card_utilization,2.6661756,-3.1677086
e5e732a4050a496a204cf14641c13b3dd216c4ef2cbbd0733cf68451c1d2a801,INSTAL_NUM_INSTALMENT_VERSION_SUM,installment_repayment_behavior,-2.490323,-2.0980356
e6b9d869e1ba14d9a1c465bcb03d32095eedf22bfa8bd908b294665290a3791d,POS_CNT_INSTALMENT_SUM,other,-2.4865818,-1.9838984
e911b61654a92b1649046a3a85b6f4676e678effb695bb1497a50db3dfd237e4,WEEKDAY_APPR_PROCESS_START,demographic_time_variables,0.8894052,6.8268576
e96d61698a651267f092c137432514fce6c6abd33b7b05b65a03887fcebccfd2,PREV_HOUR_APPR_PROCESS_START_MIN,previous_application_behavior,2.021987,4.02647
ea01d40b15f35902bf121a95322ef107e512b94902caabde9aa938c1520967d7,CC_AMT_PAYMENT_TOTAL_CURRENT_VAR,credit_card_utilization,3.643695,-4.8484597
ea3faa485a1cb3cbcf775da44c8cb7b6bb72777a4c644ba2d00fa82259481cc8,BURO_AMT_CREDIT_SUM_MEAN,bureau_debt,2.260395,-1.1065933
ea4a1f6e2f546af661ac444086e9c2b4f54eba66833cdf53a2b0435c226877d4,CC_CNT_DRAWINGS_CURRENT_MAX,credit_card_utilization,-3.1902523,1.093747
eacc7e942f5b911127b952ee889a64a443697c6ef7bb811d5ca34b5bb3480aef,CC_MONTHS_BALANCE_MIN,credit_card_utilization,-3.2883837,0.3903169
eae0e91823541e691f2660d273d144e6ec6b1613d09e4fa4b4a81c2a4e7e81ef,BURO_DAYS_CREDIT_UPDATE_SUM,bureau_credit_history,-6.594934,-2.9616416
ec6d26747cad3b51e39f248b9ac179b5c6d7a4bb7b2a6f2d52247579dff9ab54,PREV_ASK_GRANT_RATIO_MAX,previous_application_behavior,-2.1014202,-4.0600424
ec74e6f3eb0bb31e8876e01cf0793e02490d1a6cdea4ddabadab934386bbef8d,FLAG_DOCUMENT_12,other,19.2915,1.7725513
ec784fae4084195cc068edc568ec4c3bb78ccd4e30940fe50c771a0cc9a1b6ff,CC_CNT_DRAWINGS_OTHER_CURRENT_MEAN,credit_card_utilization,-3.1851933,1.0289519
ecd1fdd8fc6b7b12261d93fd70b2f76c8759e4c36df61c2a8e101038b767643d,BURO_CREDIT_DURATION_MIN,bureau_credit_history,2.3462734,-2.824501
ed9aa2e224595063dd17dab2056224dc8e0e8cedc0d3e35e1c4824019a7670c3,YEARS_BUILD_AVG,application_amounts,1.5911131,4.7894783
ef52c303e6468732198df659c110cf9e9f5ddb1ca794c1026280a5175160185a,BURO_BB_MONTHS_BALANCE_SUM_VAR,bureau_credit_history,1.562525,-2.32849
f04448d6cfc329912d2c3211832c2b107cc3ad2238a047db256deb994f5213bd,INSTAL_AMT_PAYMENT_MEAN,installment_repayment_behavior,-1.8169007,-2.8410826
f08d7d619618873f72123ee55b4f118f510bc3671a36d06e94b8523869b5e695,CC_CNT_DRAWINGS_POS_CURRENT_SUM,credit_card_utilization,-3.3238537,1.1309112
f193265fbfc551230b4585b2c5b66e4574e5bde27e921fa490cc8c45f86adc7e,CC_AMT_DRAWINGS_POS_CURRENT_SUM,credit_card_utilization,2.5319855,-5.4379115
f249cc2c6a3bb7c75dfcd1166b96f1e5be59b690589fd0df213ef87b4366575b,BURO_CREDIT_DURATION_MAX,bureau_credit_history,2.348124,-2.866357
f2e4c903b7f67806a82baf657a1b1c3c117c271113e53b9259cf010de3ff633b,BURO_DAYS_CREDIT_SUM,bureau_credit_history,-6.674743,-3.0060594
f35bfce54f9f3dc6905ff8b6dffb5d34c4eb70fc21f6d1abd80d58d916fd9a3b,CC_PAYMENT_DIV_MIN_MEAN,credit_card_utilization,2.5859568,-3.297433
f37ad0730b29536ad48a5ac61a40cdb95c1cc74da3f015cc558ae4157cfce983,CC_AMT_TOTAL_RECEIVABLE_MIN,credit_card_utilization,2.3131313,-4.5829225
f4137ce249ae831a34370ab4eebf66e402ed7afdc0239f68906775435cac4cd1,PREV_RATE_DOWN_PAYMENT_MAX,previous_application_behavior,-2.765502,-4.2778893
f427b82c97a50508ca25162b0a4497ba0ffabee9a960a9e297a5bea85b41cb50,PREV_DAYS_DECISION_MEAN,previous_application_behavior,-5.555336,-4.7934585
f4af80934a3a61a17697a7ff92381e6d53ac41f3abc975ff3302702595b83f22,BURO_DAYS_ENDDATE_FACT_VAR,bureau_credit_history,1.5820576,-2.316895
f57db59bbb1c66d46c77b5c531d046215992cce8c11999a4929eb09800e2d540,FLAG_DOCUMENT_16,other,19.054308,1.4866898
f5a04c243e951c274f7cb4d15f7adc99dafa279b4fd81099f58a3a7dd16afecf,BURO_BB_MONTHS_BALANCE_MIN_SUM,bureau_credit_history,-6.6841583,-3.2588139
f5c70405da8d7366d234c11f430772bfe5aaadb048b8cbfe06dbbab4ab55f3ba,REG_CITY_NOT_LIVE_CITY,demographic_time_variables,18.176916,2.435025
f5d1c8e2526adaba065e2bc1167dce3a9e9a0009b42391c8b5fa9b3d18a3b2c5,BURO_AMT_CREDIT_SUM_DEBT_MAX,bureau_debt,2.3692212,-1.3157109
f68c07c4653ea9591eb9b10fd866f70d3c88fe23503d2a4c8d4accbbfac7de01,CC_PAYMENT_DIV_MIN_MIN,credit_card_utilization,2.574344,-3.4258106
fa0445fd9a534537ee1b2552d56a8a10e44a2aed1abfb69bd1fd891737998b09,INSTAL_IS_UNDERPAID_MEAN,installment_repayment_behavior,2.2037163,1.0421368
faf921e50ade354505073ae958ec9860805d622a77a892da8fb12e7222306522,DEF_60_CNT_SOCIAL_CIRCLE,other,2.0018096,2.5456142
fb0de40ef28d4ceab1fc87caaf9fd996aa1f4fe302fd88297b03887c09a15a1c,CC_CNT_DRAWINGS_POS_CURRENT_MIN,credit_card_utilization,-3.4760053,1.3106536
fb4eff2cfb3c801aeb016a3bd325da6d2e4d6e4861a685dc0c818283296d0716,BURO_AMT_CREDIT_MAX_OVERDUE_SUM,bureau_debt,2.7143497,-1.1246006
fbe1c253334d85260d0215b2ee3b9c95a4f95661a475f258705318b263ffc5f8,CC_DRAWING_RATIO_VAR,credit_card_utilization,2.6177402,-3.3943598
fbf784f0904fe5bb014b11ff4848e6722c588f10cadd89361a8d933984c7c01f,PREV_AMT_DOWN_PAYMENT_SUM,previous_application_behavior,-1.5977619,-2.2305477
fcf174137f0bf4e9feec4121c3e80f7afedc6911ad30516b735e03caa0ebacc1,BURO_DEBT_CREDIT_DIFF_MEAN,bureau_debt,2.3985825,-1.3725183
fd56befdf694528464390184025a8718947e478411c7f5e30f8aa63a6930958c,BURO_AMT_CREDIT_SUM_VAR,bureau_debt,2.0451288,-1.4751886
fd66a01f88ccc6691f5910f9fba073ed241b4c6218fc9ed620600e4ec36aa3a7,PREV_DAYS_TERMINATION_MEAN,previous_application_behavior,-5.73816,-4.88041
fda1fee7b92a36ade3a468f4da0227e1a2a3d41b278d030e49599498b829183a,POS_CNT_INSTALMENT_FUTURE_SUM,other,-2.463184,-2.0324752
fdccff92c72a3fb89926b85e9007d5383afb8e75df966c9ac40a1cabd7857576,PREV_INTEREST_ESTIMATE_MEAN,previous_application_behavior,-2.4597347,-4.2549872
