scenario_id,attempt,stage,branch,sample_count,start_elapsed_seconds,end_elapsed_seconds,peak_process_tree_rss_bytes,minimum_available_ram_bytes,minimum_results_free_disk_bytes,minimum_temp_free_disk_bytes,peak_gpu_bytes,rows,columns,dtype_summary,live_representations,release_checkpoint_event,warning_stop_code
cdv1-capacity-001-lendingclub-v2-largest-fold-voting-k300-s42,attempt_01,initialized,,2,0.008,1.024,163053568,26361393152,118424154112,87230447616,0,0,0,metadata,1,checkpoint_initialized,
cdv1-capacity-001-lendingclub-v2-largest-fold-voting-k300-s42,attempt_01,dev_projected_loading,,71,2.045,73.236,6360018944,20363014144,116682170368,87230447616,0,530513,675,float64/int64/object,1,DEV projection loaded,
cdv1-capacity-001-lendingclub-v2-largest-fold-voting-k300-s42,attempt_01,training_candidate_projection,,2,74.255,75.271,5954560000,20749656064,116640288768,87231483904,0,458602,675,mixed source frame,1,training frame published,
cdv1-capacity-001-lendingclub-v2-largest-fold-voting-k300-s42,attempt_01,selection_encoding,,22,76.287,97.640,4452794368,22137499648,116191543296,87227854848,0,458602,675,float32 numeric + int8 target,2,source frame released,
cdv1-capacity-001-lendingclub-v2-largest-fold-voting-k300-s42,attempt_01,voter_rf_corr_mrmr,,244,98.655,346.040,1967210496,24515993600,112259420160,87225712640,0,458602,675,float32,2,mRMR fit/released,
cdv1-capacity-001-lendingclub-v2-largest-fold-voting-k300-s42,attempt_01,voter_boruta,,4054,347.063,4479.699,6966550528,17864560640,61907202048,86318940160,0,458602,675,float32 + Boruta shadows,3,Boruta fit/released,
cdv1-capacity-001-lendingclub-v2-largest-fold-voting-k300-s42,attempt_01,rank_aggregation,,0,4479.699,4479.699,6966550528,17864560640,61907202048,86318940160,0,675,17,ranking artifacts,1,aggregate ranking published,
cdv1-capacity-001-lendingclub-v2-largest-fold-voting-k300-s42,attempt_01,top_k_projected_reload,,85,4480.716,4566.253,3241910272,17217691648,182297329664,86486417408,0,458602,300,mixed source + float32,3,top-300 reloaded,
cdv1-capacity-001-lendingclub-v2-largest-fold-voting-k300-s42,attempt_01,rfe_lr,lr,1513,4567.275,6109.876,3731988480,12424032256,182294265856,85471522816,0,458602,300,float32,2,LR selector released,
cdv1-capacity-001-lendingclub-v2-largest-fold-voting-k300-s42,attempt_01,final_model_fit_lr,lr,17,6110.891,6127.140,3579068416,20648202240,182294253568,85848756224,0,458602,67,float32 encoded,2,LR-20 published/released,
cdv1-capacity-001-lendingclub-v2-largest-fold-voting-k300-s42,attempt_01,rfe_catboost,catboost,1393,6128.162,7548.909,3726766080,20586024960,182290083840,85718503424,0,458602,300,float32,2,CatBoost selector released,
cdv1-capacity-001-lendingclub-v2-largest-fold-voting-k300-s42,attempt_01,final_model_fit_catboost,catboost,197,7549.922,7749.863,2920591360,21507698688,182257729536,86146928640,0,458602,105,float32 encoded,2,CatBoost-40 published/released,
cdv1-capacity-001-lendingclub-v2-largest-fold-voting-k300-s42,attempt_01,capacity_validation_publication,,0,7749.863,7749.863,2920591360,21507698688,182257729536,86146928640,0,0,0,metadata,0,_SUCCESS/checkpoint completed,
cdv1-capacity-002-lendingclub-v2-full-dev-voting-k300-s42,attempt_01,initialized,,2,0.009,1.027,159776768,26786009088,182247768064,85910745088,0,0,0,metadata,1,checkpoint_initialized,
cdv1-capacity-002-lendingclub-v2-full-dev-voting-k300-s42,attempt_01,dev_projected_loading,,70,2.047,72.198,7288512512,19960975360,182247653376,85910528000,0,598649,675,float64/int64/object,1,DEV projection loaded,
cdv1-capacity-002-lendingclub-v2-full-dev-voting-k300-s42,attempt_01,training_candidate_projection,,3,73.214,75.254,6133317632,21126533120,182247649280,85911429120,0,598649,675,mixed source frame,1,training frame published,
cdv1-capacity-002-lendingclub-v2-full-dev-voting-k300-s42,attempt_01,selection_encoding,,28,76.266,103.728,5712785408,21544247296,182247649280,85910249472,0,598649,675,float32 numeric + int8 target,2,source frame released,
cdv1-capacity-002-lendingclub-v2-full-dev-voting-k300-s42,attempt_01,voter_rf_corr_mrmr,,390,104.745,501.175,2449870848,24065146880,182247649280,83417473024,0,598649,675,float32,2,mRMR fit/released,
cdv1-capacity-002-lendingclub-v2-full-dev-voting-k300-s42,attempt_01,voter_boruta,,5382,502.195,5980.226,8547688448,17486753792,182247649280,83868827648,0,598649,675,float32 + Boruta shadows,3,Boruta fit/released,
cdv1-capacity-002-lendingclub-v2-full-dev-voting-k300-s42,attempt_01,rank_aggregation,,0,5980.226,5980.226,8547688448,17486753792,182247649280,83868827648,0,675,17,ranking artifacts,1,aggregate ranking published,
cdv1-capacity-002-lendingclub-v2-full-dev-voting-k300-s42,attempt_01,top_k_projected_reload,,77,5981.247,6058.570,3452882944,26573701120,182246543360,83949600768,0,598649,300,mixed source + float32,3,top-300 reloaded,
cdv1-capacity-002-lendingclub-v2-full-dev-voting-k300-s42,attempt_01,rfe_lr,lr,1747,6059.581,7840.348,4233043968,25758273536,182246543360,83920330752,0,598649,300,float32,2,LR selector released,
cdv1-capacity-002-lendingclub-v2-full-dev-voting-k300-s42,attempt_01,final_model_fit_lr,lr,16,7841.368,7856.640,3784830976,26251939840,182246543360,83922231296,0,598649,67,float32 encoded,2,LR-20 published/released,
cdv1-capacity-002-lendingclub-v2-full-dev-voting-k300-s42,attempt_01,rfe_catboost,catboost,1692,7857.662,9582.587,4223283200,24840609792,182246539264,83912491008,0,598649,300,float32,2,CatBoost selector released,
cdv1-capacity-002-lendingclub-v2-full-dev-voting-k300-s42,attempt_01,final_model_fit_catboost,catboost,294,9583.611,9882.599,3783364608,24883326976,182246539264,83910115328,0,598649,105,float32 encoded,2,CatBoost-40 published/released,
cdv1-capacity-002-lendingclub-v2-full-dev-voting-k300-s42,attempt_01,capacity_validation_publication,,0,9882.599,9882.599,2442543104,26260103168,182246539264,83910115328,0,0,0,metadata,0,_SUCCESS/checkpoint completed,
